Região,Município,UF,Lat,Long
Sul de Minas,Aiuruoca,MG,-21.9750633,-44.6036109
Sul de Minas,Tapiraí,MG,-19.8868478,-46.0200063
Sul de Minas,Cabo Verde,MG,-21.4730317,-46.3970615
Sul de Minas,Contagem,MG,-19.9384589,-44.0518344
Sul de Minas,Estiva,MG,-22.465012,-46.0157038
Sul de Minas,Itaguara,MG,-20.3922738,-44.486416
Sul de Minas,Liberdade,MG,-22.0277329,-44.3200076
Sul de Minas,Passa Quatro,MG,-22.3829371,-44.9666211
Sul de Minas,Rio Manso,MG,-20.266236,-44.3089514
Sul de Minas,Sapucaí-Mirim,MG,-22.7472478,-45.7431742
Sul de Minas,São Sebastião do Paraíso,MG,-20.9188537,-46.984882
Sul de Minas,Aguanil,MG,-20.9431969,-45.3915696
Sul de Minas,Arceburgo,MG,-21.3654678,-46.9418638
Sul de Minas,Caldas,MG,-21.9234119,-46.3886147
Sul de Minas,Coqueiral,MG,-21.1901619,-45.4393631
Sul de Minas,Extrema,MG,-22.8542299,-46.3189034
Sul de Minas,Itajubá,MG,-22.4247429,-45.4601323
Sul de Minas,Luminárias,MG,-21.5107696,-44.9041132
Sul de Minas,Passa Tempo,MG,-20.6523602,-44.4954993
Sul de Minas,Santa Cruz de Minas,MG,-21.1202699,-44.2246696
Sul de Minas,Sarzedo,MG,-20.0359196,-44.1456593
Sul de Minas,Belo Vale,MG,-20.4092733,-44.0257154
Sul de Minas,Alagoa,MG,-22.171384,-44.6438278
Sul de Minas,Camanducaia,MG,-22.7563618,-46.1479233
Sul de Minas,Cordislândia,MG,-21.7925148,-45.7000359
Sul de Minas,Fama,MG,-21.4073667,-45.8301095
Sul de Minas,Itamonte,MG,-22.2830147,-44.8698779
Sul de Minas,Machado,MG,-21.6803986,-45.919
Sul de Minas,Passa-Vinte,MG,-22.2086435,-44.2358985
Sul de Minas,Santa Rita de Caldas,MG,-22.0287986,-46.3361939
Sul de Minas,Senador Amaral,MG,-22.5870487,-46.176105
Sul de Minas,Betim,MG,-19.9697308,-44.2032108
Sul de Minas,Albertina,MG,-22.199219,-46.6170595
Sul de Minas,Cambuí,MG,-22.6100267,-46.0576301
Sul de Minas,Coronel Xavier Chaves,MG,-21.0232864,-44.2250395
Sul de Minas,Florestal,MG,-19.8876626,-44.4331986
Sul de Minas,Itanhandu,MG,-22.2956251,-44.9370154
Sul de Minas,Madre de Deus de Minas,MG,-21.4824668,-44.3301892
Sul de Minas,Passos,MG,-20.7221434,-46.6133353
Sul de Minas,Santa Rita de Jacutinga,MG,-22.1489307,-44.092568
Sul de Minas,Senador José Bento,MG,-22.1642393,-46.1774373
Sul de Minas,Boa Esperança,MG,-21.092795,-45.5628734
Sul de Minas,Alfenas,MG,-21.4245173,-45.9470205
Sul de Minas,Campestre,MG,-21.7120618,-46.2440779
Sul de Minas,Córrego do Bom Jesus,MG,-22.6305924,-46.0199367
Sul de Minas,Formiga,MG,-20.4653377,-45.4254013
Sul de Minas,Itapecerica,MG,-20.4719298,-45.124195
Sul de Minas,Mateus Leme,MG,-19.9911254,-44.4328849
Sul de Minas,Pedra do Indaiá,MG,-20.2577518,-45.2086164
Sul de Minas,Santana da Vargem,MG,-21.2482891,-45.5058363
Sul de Minas,Seritinga,MG,-21.9092833,-44.5195224
Sul de Minas,Bocaina de Minas,MG,-22.1683629,-44.3952834
Sul de Minas,Alpinópolis,MG,-20.8603678,-46.3875947
Sul de Minas,Campo do Meio,MG,-21.1083947,-45.83058620000001
Sul de Minas,Córrego Fundo,MG,-20.4489062,-45.5554058
Sul de Minas,Fortaleza de Minas,MG,-20.8499693,-46.7119663
Sul de Minas,Itapeva,MG,-22.7682228,-46.2221065
Sul de Minas,Matozinhos,MG,-19.565346,-44.0787083
Sul de Minas,Pedro Leopoldo,MG,-19.6194826,-44.041371
Sul de Minas,Santana do Garambéu,MG,-21.6019662,-44.1078879
Sul de Minas,Serrania,MG,-21.5479717,-46.0399014
Sul de Minas,Bom Jesus da Penha,MG,-21.0179087,-46.5215061
Sul de Minas,Alterosa,MG,-21.2561969,-46.1446701
Sul de Minas,Campos Gerais,MG,-21.2377204,-45.7616398
Sul de Minas,Cristais,MG,-20.8745486,-45.51930000000001
Sul de Minas,Funilândia,MG,-19.369218,-44.0597067
Sul de Minas,Itatiaiuçu,MG,-20.1982541,-44.42107559999999
Sul de Minas,Minduri,MG,-21.6807036,-44.60027669999999
Sul de Minas,Pimenta,MG,-20.4800291,-45.8000333
Sul de Minas,Santo Antônio do Monte,MG,-20.0869077,-45.2903749
Sul de Minas,Serranos,MG,-21.8910395,-44.5138335
Sul de Minas,Capitólio,MG,-20.6140757,-46.04787930000001
Sul de Minas,Andradas,MG,-22.0709856,-46.5734039
Sul de Minas,Capim Branco,MG,-19.5476319,-44.1301624
Sul de Minas,Crucilândia,MG,-20.3927702,-44.3383562
Sul de Minas,Gonçalves,MG,-22.6593169,-45.85445259999999
Sul de Minas,Itaú de Minas,MG,-20.7436991,-46.7505432
Sul de Minas,Monsenhor Paulo,MG,-21.7569853,-45.5403139
Sul de Minas,Piracema,MG,-20.5098104,-44.478429
Sul de Minas,São João Batista do Glória,MG,-20.6410757,-46.50561769999999
Sul de Minas,Sete Lagoas,MG,-19.4646696,-44.24525269999999
Sul de Minas,Conceição dos Ouros,MG,-22.4124609,-45.7972365
Sul de Minas,Andrelândia,MG,-21.7413709,-44.3110235
Sul de Minas,Careaçu,MG,-22.0438322,-45.6992572
Sul de Minas,Cruzília,MG,-21.8403548,-44.8103194
Sul de Minas,Guapé,MG,-20.7600069,-45.9185579
Sul de Minas,Itaúna,MG,-20.076081,-44.5799703
Sul de Minas,Monte Belo,MG,-21.3221066,-46.3688171
Sul de Minas,Piranguçu,MG,-22.527733,-45.49622069999999
Sul de Minas,São João da Mata,MG,-21.9320628,-45.9280713
Sul de Minas,Silvianópolis,MG,-22.0294237,-45.8356091
Sul de Minas,Congonhal,MG,-22.152277,-46.0416345
Sul de Minas,Arantina,MG,-21.9125891,-44.254784
Sul de Minas,Carmo da Cachoeira,MG,-21.461013,-45.219882
Sul de Minas,Delfim Moreira,MG,-22.5085014,-45.2803019
Sul de Minas,Ibirité,MG,-20.0240711,-44.0590066
Sul de Minas,Itumirim,MG,-21.3171277,-44.8710971
Sul de Minas,Monte Santo de Minas,MG,-21.1899297,-46.9768603
Sul de Minas,Piumhi,MG,-20.4742488,-45.9619861
Sul de Minas,São Joaquim de Bicas,MG,-20.0465245,-44.2626486
Sul de Minas,Tiradentes,MG,-21.1102569,-44.1735339
Sul de Minas,Guaranésia,MG,-21.3005011,-46.80210899999999
Sul de Minas,Arcos,MG,-20.2877726,-45.5396954
Sul de Minas,Carmo do Cajuru,MG,-20.1847973,-44.7714395
Sul de Minas,Delfinópolis,MG,-20.3441313,-46.8507396
Sul de Minas,Ibitiúra de Minas,MG,-22.0625996,-46.4406019
Sul de Minas,Itutinga,MG,-21.2975558,-44.6587612
Sul de Minas,Monte Sião,MG,-22.4347304,-46.5719647
Sul de Minas,Poço Fundo,MG,-21.7795165,-45.9663772
Sul de Minas,São José da Barra,MG,-20.7184095,-46.3135301
Sul de Minas,Tocos do Moji,MG,-22.3706677,-46.0979
Sul de Minas,Guaxupé,MG,-21.3049394,-46.708459
Sul de Minas,Areado,MG,-21.357789,-46.1496185
Sul de Minas,Carmo do Rio Claro,MG,-20.9732824,-46.1190552
Sul de Minas,Desterro de Entre Rios,MG,-20.6611954,-44.3316282
Sul de Minas,Igarapé,MG,-20.0713671,-44.30317
Sul de Minas,Jacuí,MG,-21.0157901,-46.7418516
Sul de Minas,Munhoz,MG,-22.6119646,-46.361962
Sul de Minas,Poços de Caldas,MG,-21.7853787,-46.5619303
Sul de Minas,São José da Varginha,MG,-19.707087,-44.557973
Sul de Minas,Toledo,MG,-22.7420273,-46.3723019
Sul de Minas,Maria da Fé,MG,-22.3080163,-45.3735292
Sul de Minas,Bandeira do Sul,MG,-21.7287997,-46.3860492
Sul de Minas,Carmópolis de Minas,MG,-20.540812,-44.6386557
Sul de Minas,Divinópolis,MG,-20.1435294,-44.89040620000001
Sul de Minas,Igaratinga,MG,-19.9517993,-44.70858279999999
Sul de Minas,Jacutinga,MG,-22.2832272,-46.6089256
Sul de Minas,Muzambinho,MG,-21.3673586,-46.5230158
Sul de Minas,Pouso Alegre,MG,-22.2270778,-45.93937160000001
Sul de Minas,São José do Alegre,MG,-22.3294852,-45.5266048
Sul de Minas,Três Corações,MG,-21.6973293,-45.2562592
Sul de Minas,Mário Campos,MG,-20.0517928,-44.1878969
Sul de Minas,Bom Repouso,MG,-22.4711329,-46.1468333
Sul de Minas,Carrancas,MG,-21.488467,-44.6436719
Sul de Minas,Divisa Nova,MG,-21.5120722,-46.1938902
Sul de Minas,Iguatama,MG,-20.1773927,-45.708185
Sul de Minas,Japaraíba,MG,-20.1393573,-45.504044
Sul de Minas,Nepomuceno,MG,-21.2340693,-45.2360231
Sul de Minas,Prados,MG,-21.0575749,-44.0785286
Sul de Minas,São Pedro da União,MG,-21.1290637,-46.6169543
Sul de Minas,Três Pontas,MG,-21.367353,-45.5127072
Sul de Minas,Marmelópolis,MG,-22.4505221,-45.1655282
Sul de Minas,Bonfim,MG,-20.3271154,-44.2408075
Sul de Minas,Carvalhópolis,MG,-21.7785311,-45.84154600000001
Sul de Minas,Doresópolis,MG,-20.2875075,-45.9029205
Sul de Minas,Ijaci,MG,-21.171429,-44.9262495
Sul de Minas,Jeceaba,MG,-20.5356617,-43.9827543
Sul de Minas,Nova Resende,MG,-21.1274666,-46.4229001
Sul de Minas,Pratápolis,MG,-20.7439106,-46.8604236
Sul de Minas,São Roque de Minas,MG,-20.2500036,-46.36630539999999
Sul de Minas,Turvolândia,MG,-21.8763003,-45.78757909999999
Sul de Minas,Piedade do Rio Grande,MG,-21.4684781,-44.1964469
Sul de Minas,Borda da Mata,MG,-22.2723046,-46.1635323
Sul de Minas,Carvalhos,MG,-22.0005257,-44.4635991
Sul de Minas,Elói Mendes,MG,-21.6097595,-45.5662674
Sul de Minas,Ilicínea,MG,-20.938276,-45.8272437
Sul de Minas,Juatuba,MG,-19.9542738,-44.3414268
Sul de Minas,Ouro Fino,MG,-22.2797829,-46.3722224
Sul de Minas,Prudente de Morais,MG,-19.4744679,-44.1601205
Sul de Minas,São Sebastião do Rio Verde,MG,-22.218018,-44.9774988
Sul de Minas,Vargem Bonita,MG,-20.3284567,-46.3675817
Sul de Minas,Piedade dos Gerais,MG,-20.4704064,-44.22428619999999
Sul de Minas,Botelhos,MG,-21.6473355,-46.3953156
Sul de Minas,Cláudio,MG,-20.4437342,-44.7633922
Sul de Minas,Entre Rios de Minas,MG,-20.6664308,-44.0674936
Sul de Minas,Inconfidentes,MG,-22.3173539,-46.3255461
Sul de Minas,Juruaia,MG,-21.2528166,-46.5766612
Sul de Minas,Pains,MG,-20.3735168,-45.661827
Sul de Minas,Resende Costa,MG,-20.9211492,-44.2372618
Sul de Minas,São Sebastião do Oeste,MG,-20.2750723,-45.0033789
Sul de Minas,Varginha,MG,-21.5560459,-45.4363875
Sul de Minas,São Bento Abade,MG,-21.5833664,-45.0739901
Sul de Minas,Brumadinho,MG,-20.1444039,-44.2015777
Sul de Minas,Conceição da Aparecida,MG,-21.0945451,-46.2030533
Sul de Minas,Esmeraldas,MG,-19.76095,-44.3138014
Sul de Minas,Ingaí,MG,-21.4016692,-44.9187061
Sul de Minas,Lagoa Dourada,MG,-20.9147587,-44.0754448
Sul de Minas,Pará de Minas,MG,-19.8590162,-44.61021
Sul de Minas,Ribeirão das Neves,MG,-19.7664426,-44.0872706
Sul de Minas,São Thomé das Letras,MG,-21.7186096,-44.98185669999999
Sul de Minas,Wenceslau Braz,MG,-22.5357217,-45.3644347
Sul de Minas,São Gonçalo do Pará,MG,-19.9830855,-44.85802150000001
Sul de Minas,Bueno Brandão,MG,-22.4405796,-46.3490648
Sul de Minas,Consolação,MG,-22.5530531,-45.9236744
Sul de Minas,Espírito Santo do Dourado,MG,-22.0479376,-45.951082
Sul de Minas,Ipuiúna,MG,-22.0986608,-46.1898816
Sul de Minas,Lavras,MG,-21.2398506,-44.9983535
Sul de Minas,Paraguaçu,MG,-21.5513436,-45.7342636
Sul de Minas,Ribeirão Vermelho,MG,-21.1876275,-45.0606934
Sul de Minas,São Vicente de Minas,MG,-21.701681,-44.4400504
Sul de Minas,Virgínia,MG,-22.3318502,-45.0905025
Mantiqueira de Minas (Denominação de Origem),Carmo de Minas,MG,-22.1212534,-45.1324378
Mantiqueira de Minas (Denominação de Origem),São Lourenço,MG,-22.1176614,-45.0528089
Mantiqueira de Minas (Denominação de Origem),Dom Viçoso,MG,-22.2535084,-45.1620316
Mantiqueira de Minas (Denominação de Origem),Cachoeira de Minas,MG,-22.3550499,-45.7789365
Mantiqueira de Minas (Denominação de Origem),Campanha,MG,-21.8343864,-45.3990201
Mantiqueira de Minas (Denominação de Origem),Conceição das Pedras,MG,-22.1597396,-45.4549408
Mantiqueira de Minas (Denominação de Origem),Heliodora,MG,-22.0665234,-45.5422214
Mantiqueira de Minas (Denominação de Origem),Lambari,MG,-21.9735146,-45.3484145
Mantiqueira de Minas (Denominação de Origem),Olímpio Noronha,MG,-22.0692038,-45.2628821
Mantiqueira de Minas (Denominação de Origem),Pedralva,MG,-22.2452849,-45.4654762
Mantiqueira de Minas (Denominação de Origem),Pouso Alto,MG,-22.1974601,-44.9729771
Mantiqueira de Minas (Denominação de Origem),São Gonçalo do Sapucaí,MG,-21.8912096,-45.59702129999999
Mantiqueira de Minas (Denominação de Origem),Soledade de Minas,MG,-22.0591074,-45.0431125
Mantiqueira de Minas (Denominação de Origem),Cristina,MG,-22.2102702,-45.2630555
Mantiqueira de Minas (Denominação de Origem),Baependi,MG,-21.9582766,-44.8886254
Mantiqueira de Minas (Denominação de Origem),Brazópolis,MG,-22.473871,-45.6179988
Mantiqueira de Minas (Denominação de Origem),Cambuquira,MG,-21.850171,-45.2974132
Mantiqueira de Minas (Denominação de Origem),Caxambu,MG,-21.9707979,-44.9304508
Mantiqueira de Minas (Denominação de Origem),Conceição do Rio Verde,MG,-21.8804378,-45.0881009
Mantiqueira de Minas (Denominação de Origem),Jesuânia,MG,-21.9980746,-45.2899574
Mantiqueira de Minas (Denominação de Origem),Natércia,MG,-22.1182937,-45.5139642
Mantiqueira de Minas (Denominação de Origem),Paraisópolis,MG,-22.5540138,-45.7799844
Mantiqueira de Minas (Denominação de Origem),Piranguinho,MG,-22.4029088,-45.5339578
Mantiqueira de Minas (Denominação de Origem),Santa Rita do Sapucaí,MG,-22.2521628,-45.7037394
Mantiqueira de Minas (Denominação de Origem),São Sebastião da Bela Vista,MG,-22.1581934,-45.7548351
Chapada de Minas,Água Boa,MG,-16.966667,-44.283333
Chapada de Minas,Botumirim,MG,-16.861853,-43.0102148
Chapada de Minas,Datas,MG,-18.4474362,-43.6583151
Chapada de Minas,Itabirinha,MG,-18.5682016,-41.2344298
Chapada de Minas,Leme do Prado,MG,-17.0813353,-42.694888
Chapada de Minas,Montes Claros,MG,-16.7291552,-43.8670745
Chapada de Minas,Santa Efigênia de Minas,MG,-18.8282807,-42.4393551
Chapada de Minas,Serra Azul de Minas,MG,-18.3612056,-43.1708836
Chapada de Minas,Gameleiras,MG,-15.0829225,-43.1185339
Chapada de Minas,Padre Carvalho,MG,-16.3660734,-42.5146782
Chapada de Minas,Veredinha,MG,-17.3978038,-42.7364016
Chapada de Minas,Águas Formosas,MG,-17.0834392,-40.933945
Chapada de Minas,Cachoeira de Pajeú,MG,-15.9677317,-41.4959964
Chapada de Minas,Diamantina,MG,-18.2441852,-43.598022
Chapada de Minas,Itacambira,MG,-17.0634045,-43.3082631
Chapada de Minas,Malacacheta,MG,-17.8442329,-42.0789785
Chapada de Minas,Montezuma,MG,-15.170387,-42.49871599999999
Chapada de Minas,Santa Helena de Minas,MG,-16.9385841,-40.6821806
Chapada de Minas,Serra dos Aimorés,MG,-17.7886344,-40.2446234
Chapada de Minas,Glaucilândia,MG,-16.8501057,-43.69667099999999
Chapada de Minas,Padre Paraíso,MG,-17.0749651,-41.4853049
Chapada de Minas,Virgem da Lapa,MG,-16.8044995,-42.3401051
Chapada de Minas,Águas Vermelhas,MG,-15.7463844,-41.46142280000001
Chapada de Minas,Campanário,MG,-18.2387866,-41.7258273
Chapada de Minas,Divino das Laranjeiras,MG,-18.7770317,-41.4792108
Chapada de Minas,Itaipé,MG,-17.4020879,-41.6700625
Chapada de Minas,Mamonas,MG,-15.0487812,-42.9459702
Chapada de Minas,Nacip Raydan,MG,-18.4578824,-42.2491936
Chapada de Minas,São João do Manteninha,MG,-18.7246846,-41.1616361
Chapada de Minas,Serranópolis de Minas,MG,-15.8114454,-42.87097620000001
Chapada de Minas,Gonzaga,MG,-18.8238637,-42.4782353
Chapada de Minas,Pai Pedro,MG,-15.53345,-43.0674343
Chapada de Minas,Virginópolis,MG,-18.821874,-42.7045635
Chapada de Minas,Almenara,MG,-16.1796844,-40.6953223
Chapada de Minas,Cantagalo,MG,-18.5268591,-42.625925
Chapada de Minas,Divinolândia de Minas,MG,-18.8019811,-42.6149689
Chapada de Minas,Itamarandiba,MG,-17.8573054,-42.8583933
Chapada de Minas,Machacalis,MG,-17.0774875,-40.7175206
Chapada de Minas,Pescador,MG,-18.356448,-41.5968357
Chapada de Minas,São João do Paraíso,MG,-15.3151121,-42.0168313
Chapada de Minas,Serro,MG,-18.6036292,-43.3789211
Chapada de Minas,Gouveia,MG,-18.4572694,-43.742119
Chapada de Minas,Palmópolis,MG,-16.7370846,-40.4205439
Chapada de Minas,Virgolândia,MG,-18.4753478,-42.308132
Chapada de Minas,Alpercata,MG,-18.9903784,-41.9899003
Chapada de Minas,Catuji,MG,-17.3010791,-41.5165245
Chapada de Minas,Divisa Alegre,MG,-15.7244095,-41.3432936
Chapada de Minas,Itambacuri,MG,-18.0343603,-41.6799844
Chapada de Minas,Materlândia,MG,-18.4736823,-43.0581397
Chapada de Minas,Ponto dos Volantes,MG,-16.7538065,-41.5072898
Chapada de Minas,São João Evangelista,MG,-18.5484868,-42.7659047
Chapada de Minas,Setubinha,MG,-17.6005222,-42.16249740000001
Chapada de Minas,Governador Valadares,MG,-18.8558333,-41.95718979999999
Chapada de Minas,Patis,MG,-16.0828098,-44.0846254
Chapada de Minas,Alvorada de Minas,MG,-18.7319236,-43.3644978
Chapada de Minas,Catuti,MG,-15.3617621,-42.9612267
Chapada de Minas,Divisópolis,MG,-15.7208534,-41.0028156
Chapada de Minas,Itaobim,MG,-16.5585736,-41.5025529
Chapada de Minas,Matias Cardoso,MG,-14.8557359,-43.9224583
Chapada de Minas,Porteirinha,MG,-15.741151,-43.0280584
Chapada de Minas,São Félix de Minas,MG,-18.5908218,-41.4883363
Chapada de Minas,Taiobeiras,MG,-15.8094407,-42.2253031
Chapada de Minas,Grão Mogol,MG,-16.5633283,-42.8931402
Chapada de Minas,Paulistas,MG,-18.4280203,-42.8689983
Chapada de Minas,Angelândia,MG,-17.7265296,-42.2718074
Chapada de Minas,Central de Minas,MG,-18.7609865,-41.30677730000001
Chapada de Minas,Dom Joaquim,MG,-18.967179,-43.2547372
Chapada de Minas,Itinga,MG,-16.6052663,-41.772617
Chapada de Minas,Mantena,MG,-18.7833762,-40.9813375
Chapada de Minas,Poté,MG,-17.8061844,-41.7888312
Chapada de Minas,São Geraldo da Piedade,MG,-18.8442791,-42.2888568
Chapada de Minas,Teófilo Otoni,MG,-17.8608479,-41.5089708
Chapada de Minas,Guanhães,MG,-18.7770362,-42.9380174
Chapada de Minas,Pavão,MG,-17.4287426,-40.9990787
Chapada de Minas,Araçuaí,MG,-16.8488713,-42.0642959
Chapada de Minas,Chapada do Norte,MG,-17.0885911,-42.5395831
Chapada de Minas,Engenheiro Navarro,MG,-17.287344,-43.9514819
Chapada de Minas,Jacinto,MG,-16.1445714,-40.2914593
Chapada de Minas,Marilac,MG,-18.5069502,-42.08256420000001
Chapada de Minas,Presidente Kubitschek,MG,-18.6158306,-43.5612004
Chapada de Minas,São Geraldo do Baixio,MG,-18.9182115,-41.3605802
Chapada de Minas,Vargem Grande do Rio Pardo,MG,-15.4014133,-42.3076639
Chapada de Minas,Guaraciama,MG,-17.0139361,-43.6712906
Chapada de Minas,Peçanha,MG,-18.5457245,-42.562456
Chapada de Minas,Aricanduva,MG,-17.8676659,-42.5557771
Chapada de Minas,Coluna,MG,-18.2317067,-42.8380999
Chapada de Minas,Espinosa,MG,-14.9208695,-42.8110581
Chapada de Minas,Janaúba,MG,-15.8009305,-43.30941869999999
Chapada de Minas,Mata Verde,MG,-15.6864881,-40.7391
Chapada de Minas,Riacho dos Machados,MG,-16.0033698,-43.045511
Chapada de Minas,São Gonçalo do Rio Preto,MG,-18.0049609,-43.3826199
Chapada de Minas,Varzelândia,MG,-15.7041555,-44.0307964
Chapada de Minas,Nanuque,MG,-17.8419818,-40.3455433
Chapada de Minas,Pedra Azul,MG,-16.0035598,-41.2817631
Chapada de Minas,Capelinha,MG,-17.6934016,-42.5181119
Chapada de Minas,Comercinho,MG,-16.2968486,-41.7929238
Chapada de Minas,Felício dos Santos,MG,-18.0779106,-43.2503789
Chapada de Minas,Jenipapo de Minas,MG,-17.0833883,-42.2594917
Chapada de Minas,Mathias Lobato,MG,-18.5734457,-41.9152089
Chapada de Minas,Rio do Prado,MG,-16.6095709,-40.5706019
Chapada de Minas,São João da Ponte,MG,-15.928472,-44.00730679999999
Chapada de Minas,Várzea da Palma,MG,-17.5989135,-44.7331539
Chapada de Minas,Ninheira,MG,-15.3190042,-41.7542195
Chapada de Minas,Santa Maria do Salto,MG,-16.2486979,-40.1486081
Chapada de Minas,Capitão Enéas,MG,-16.3253656,-43.7106813
Chapada de Minas,Conceição do Mato Dentro,MG,-19.0357363,-43.4247512
Chapada de Minas,Felisburgo,MG,-16.6390558,-40.7624728
Chapada de Minas,Jequitinhonha,MG,-16.433269,-41.00372770000001
Chapada de Minas,Mato Verde,MG,-15.3966848,-42.8609082
Chapada de Minas,Rio Pardo de Minas,MG,-15.6151338,-42.5432613
Chapada de Minas,São José da Safira,MG,-18.3240405,-42.1463203
Chapada de Minas,Ataléia,MG,-18.0434475,-41.1109357
Chapada de Minas,Nova Belém,MG,-18.4930945,-41.1044326
Chapada de Minas,Santa Maria do Suaçuí,MG,-18.190111,-42.4182113
Chapada de Minas,Caraí,MG,-17.1881483,-41.6978585
Chapada de Minas,Cristália,MG,-16.7186011,-42.8661497
Chapada de Minas,Francisco Badaró,MG,-16.9909727,-42.3515282
Chapada de Minas,Joaíma,MG,-16.6548418,-41.024755
Chapada de Minas,Medina,MG,-16.2278016,-41.4789992
Chapada de Minas,Rio Vermelho,MG,-18.2968168,-43.0088369
Chapada de Minas,São José do Divino,MG,-18.4802628,-41.3885523
Chapada de Minas,Bandeira,MG,-15.8853574,-40.5603207
Chapada de Minas,Nova Módica,MG,-18.4404185,-41.5007889
Chapada de Minas,Santana de Pirapama,MG,-19.0072308,-44.03992179999999
Chapada de Minas,Carbonita,MG,-17.5301121,-43.01385519999999
Chapada de Minas,Curral de Dentro,MG,-15.9382945,-41.8550883
Chapada de Minas,Francisco Sá,MG,-16.4786911,-43.491133
Chapada de Minas,Jordânia,MG,-15.899537,-40.1777167
Chapada de Minas,Mendes Pimentel,MG,-18.6576406,-41.40222989999999
Chapada de Minas,Rubelita,MG,-16.4084007,-42.2621456
Chapada de Minas,São José do Jacuri,MG,-18.2765521,-42.6712058
Chapada de Minas,Frei Gaspar,MG,-18.0654963,-41.4290071
Chapada de Minas,Nova Porteirinha,MG,-15.8016676,-43.29797869999999
Chapada de Minas,Santo Antônio do Itambé,MG,-18.465186,-43.3055355
Chapada de Minas,Carlos Chagas,MG,-17.704275,-40.7627974
Chapada de Minas,Congonhas do Norte,MG,-18.8107723,-43.6785377
Chapada de Minas,Franciscópolis,MG,-17.9598572,-42.00712
Chapada de Minas,José Gonçalves de Minas,MG,-16.907651,-42.6042947
Chapada de Minas,Minas Novas,MG,-17.2185332,-42.590971
Chapada de Minas,Rubim,MG,-16.3804615,-40.543136
Chapada de Minas,São Pedro do Suaçuí,MG,-18.3647482,-42.6034003
Chapada de Minas,Frei Inocêncio,MG,-18.5625456,-41.9066949
Chapada de Minas,Novo Cruzeiro,MG,-17.4677177,-41.8785517
Chapada de Minas,Santo Antônio do Jacinto,MG,-16.5343235,-40.1752636
Chapada de Minas,Berilo,MG,-16.951239,-42.4628418
Chapada de Minas,Coroaci,MG,-18.619454,-42.28197189999999
Chapada de Minas,Francisco Dumont,MG,-17.3130911,-44.2323668
Chapada de Minas,José Raydan,MG,-18.2208328,-42.4975239
Chapada de Minas,Mirabela,MG,-16.2569142,-44.1590905
Chapada de Minas,Sabinópolis,MG,-18.6664508,-43.081434
Chapada de Minas,São Sebastião do Maranhão,MG,-18.0890522,-42.5681158
Chapada de Minas,Frei Lagonegro,MG,-18.1674016,-42.7662062
Chapada de Minas,Novo Oriente de Minas,MG,-17.4156372,-41.2176322
Chapada de Minas,Santo Antônio do Retiro,MG,-15.34119,-42.6243176
Chapada de Minas,Berizal,MG,-15.6113169,-41.7391419
Chapada de Minas,Coronel Murta,MG,-16.6167732,-42.183075
Chapada de Minas,Jaíba,MG,-15.3400055,-43.6768344
Chapada de Minas,Josenópolis,MG,-16.5465121,-42.5142462
Chapada de Minas,Monjolos,MG,-18.3241156,-44.11828209999999
Chapada de Minas,Salinas,MG,-16.1684352,-42.2922678
Chapada de Minas,Sardoá,MG,-18.7826298,-42.366821
Chapada de Minas,Fronteira dos Vales,MG,-16.8921514,-40.9254441
Chapada de Minas,Novorizonte,MG,-16.0182356,-42.408133
Chapada de Minas,Turmalina,MG,-17.2860485,-42.7318654
Chapada de Minas,Bertópolis,MG,-17.0613431,-40.5741895
Chapada de Minas,Couto de Magalhães de Minas,MG,-18.0736097,-43.4707835
Chapada de Minas,Jampruca,MG,-18.4604269,-41.8095114
Chapada de Minas,Juramento,MG,-16.8482431,-43.5876835
Chapada de Minas,Monte Azul,MG,-15.1522627,-42.8716914
Chapada de Minas,Salto da Divisa,MG,-15.9977086,-39.9492556
Chapada de Minas,Senador Modestino Gonçalves,MG,-17.9476905,-43.2222039
Chapada de Minas,Fruta de Leite,MG,-16.1161174,-42.52676700000001
Chapada de Minas,Olhos-d`Água,MG,-17.4007437,-43.5723722
Chapada de Minas,Umburatiba,MG,-17.2538774,-40.5708289
Chapada de Minas,Bocaiúva,MG,-17.1113356,-43.82033149999999
Chapada de Minas,Crisólita,MG,-17.2387393,-40.9144526
Chapada de Minas,Indaiabira,MG,-15.4912501,-42.1993392
Chapada de Minas,Ladainha,MG,-17.6265515,-41.7367751
Chapada de Minas,Monte Formoso,MG,-16.8674749,-41.25550519999999
Chapada de Minas,Santa Cruz de Salinas,MG,-16.0983423,-41.74777419999999
Chapada de Minas,Senhora do Porto,MG,-18.8925784,-43.0839612
Chapada de Minas,Galiléia,MG,-18.9991523,-41.5385044
Chapada de Minas,Ouro Verde de Minas,MG,-18.0697305,-41.2704347
Chapada de Minas,Verdelândia,MG,-15.5946932,-43.6004327
Matas de Minas (Indicação de Procedência),Abre Campo,MG,-20.3016635,-42.4783552
Matas de Minas (Indicação de Procedência),Carangola,MG,-20.7351246,-42.0291428
Matas de Minas (Indicação de Procedência),Entre Folhas,MG,-19.6252956,-42.2328266
Matas de Minas (Indicação de Procedência),Miradouro,MG,-20.8901602,-42.3435982
Matas de Minas (Indicação de Procedência),Piedade de Caratinga,MG,-19.7600045,-42.0775683
Matas de Minas (Indicação de Procedência),São José do Mantimento,MG,-20.0041361,-41.7460444
Matas de Minas (Indicação de Procedência),São Sebastião do Anta,MG,-19.4981985,-41.98343939999999
Matas de Minas (Indicação de Procedência),Conceição de Ipanema,MG,-19.9297129,-41.6924705
Matas de Minas (Indicação de Procedência),Rosário da Limeira,MG,-20.9792571,-42.5110977
Matas de Minas (Indicação de Procedência),Simonésia,MG,-20.1224237,-42.0021503
Matas de Minas (Indicação de Procedência),Faria Lemos,MG,-20.8052255,-42.013429
Matas de Minas (Indicação de Procedência),Santa Bárbara do Leste,MG,-19.9769683,-42.1424685
Matas de Minas (Indicação de Procedência),Caiana,MG,-20.6954182,-41.9235372
Matas de Minas (Indicação de Procedência),Caratinga,MG,-19.7888874,-42.1364522
Matas de Minas (Indicação de Procedência),Imbé de Minas,MG,-19.599373,-41.9692335
Matas de Minas (Indicação de Procedência),Miraí,MG,-21.1945825,-42.6122399
Matas de Minas (Indicação de Procedência),Porto Firme,MG,-20.6646777,-43.08383449999999
Matas de Minas (Indicação de Procedência),São Domingos das Dores,MG,-19.5276676,-42.0137551
Matas de Minas (Indicação de Procedência),Vargem Alegre,MG,-19.6021991,-42.2992662
Matas de Minas (Indicação de Procedência),Ubaporanga,MG,-19.6370391,-42.1083683
Matas de Minas (Indicação de Procedência),Santa Margarida,MG,-20.3855507,-42.2498694
Matas de Minas (Indicação de Procedência),Araponga,MG,-20.666615,-42.5221402
Matas de Minas (Indicação de Procedência),Fervedouro,MG,-20.7265131,-42.28051809999999
Matas de Minas (Indicação de Procedência),Teixeiras,MG,-20.6529945,-42.857124
Matas de Minas (Indicação de Procedência),Cajuri,MG,-20.7877518,-42.7941108
Matas de Minas (Indicação de Procedência),Ervália,MG,-20.8375261,-42.6562703
Matas de Minas (Indicação de Procedência),Inhapim,MG,-19.550417,-42.12183710000001
Matas de Minas (Indicação de Procedência),Muriaé,MG,-21.1291403,-42.3702252
Matas de Minas (Indicação de Procedência),Raul Soares,MG,-20.1013284,-42.452666
Matas de Minas (Indicação de Procedência),São Francisco do Glória,MG,-20.7902788,-42.2681456
Matas de Minas (Indicação de Procedência),Vermelho Novo,MG,-20.0366129,-42.2664708
Matas de Minas (Indicação de Procedência),Paula Cândido,MG,-20.8736065,-42.9821711
Matas de Minas (Indicação de Procedência),Santa Rita de Minas,MG,-19.8757642,-42.1317014
Matas de Minas (Indicação de Procedência),Chalé,MG,-20.044028,-41.6888211
Matas de Minas (Indicação de Procedência),Jequeri,MG,-20.4544642,-42.6655174
Matas de Minas (Indicação de Procedência),Tombos,MG,-20.9080551,-42.0273189
Matas de Minas (Indicação de Procedência),Canaã,MG,-20.6882004,-42.6172434
Matas de Minas (Indicação de Procedência),Divino,MG,-20.6087581,-42.1450035
Matas de Minas (Indicação de Procedência),Manhuaçu,MG,-20.2560957,-42.0334316
Matas de Minas (Indicação de Procedência),Mutum,MG,-19.8164299,-41.4376773
Matas de Minas (Indicação de Procedência),Reduto,MG,-20.2435264,-41.9839846
Matas de Minas (Indicação de Procedência),São João do Manhuaçu,MG,-20.3941537,-42.1515233
Matas de Minas (Indicação de Procedência),Viçosa,MG,-20.7561451,-42.8800278
Matas de Minas (Indicação de Procedência),Pedra Bonita,MG,-20.5219536,-42.3292384
Matas de Minas (Indicação de Procedência),Santana do Manhuaçu,MG,-20.1069834,-41.9259704
Matas de Minas (Indicação de Procedência),Coimbra,MG,-20.8573353,-42.8013491
Matas de Minas (Indicação de Procedência),Lajinha,MG,-20.1522059,-41.6232158
Matas de Minas (Indicação de Procedência),Caputira,MG,-20.17268,-42.2707395
Matas de Minas (Indicação de Procedência),Durandé,MG,-20.2040323,-41.7958167
Matas de Minas (Indicação de Procedência),Matipó,MG,-20.2848214,-42.3414891
Matas de Minas (Indicação de Procedência),Orizânia,MG,-20.506208,-42.2082033
Matas de Minas (Indicação de Procedência),São Miguel do Anta,MG,-20.7061087,-42.71932779999999
Matas de Minas (Indicação de Procedência),São Sebastião da Vargem Alegre,MG,-21.0700859,-42.6376269
Matas de Minas (Indicação de Procedência),Vieiras,MG,-20.8655428,-42.2453312
Matas de Minas (Indicação de Procedência),Pedra Dourada,MG,-20.832037,-42.1553798
Matas de Minas (Indicação de Procedência),Sericita,MG,-20.475341,-42.4831909
Matas de Minas (Indicação de Procedência),Eugenópolis,MG,-21.0989202,-42.18220609999999
Matas de Minas (Indicação de Procedência),Luisburgo,MG,-20.4387375,-42.1016354
Montanhas de Minas,Acaiaca,MG,-20.3624576,-43.1436736
Montanhas de Minas,Casa Grande,MG,-20.7934404,-43.9302198
Montanhas de Minas,Dores de Campos,MG,-21.1095356,-44.02127960000001
Montanhas de Minas,Itaverava,MG,-20.6765494,-43.6099567
Montanhas de Minas,Oratórios,MG,-20.4321474,-42.8046197
Montanhas de Minas,Rio Casca,MG,-20.2258234,-42.6515412
Montanhas de Minas,Amparo do Serra,MG,-20.5077429,-42.80159450000001
Montanhas de Minas,Chiador,MG,-22.0032117,-43.0564612
Montanhas de Minas,Passabém,MG,-19.3523939,-43.13865790000001
Montanhas de Minas,Santa Maria de Itabira,MG,-19.4490885,-43.114174
Montanhas de Minas,Tarumirim,MG,-19.2829286,-42.0051245
Montanhas de Minas,Açucena,MG,-19.0764128,-42.5478901
Montanhas de Minas,Cataguases,MG,-21.3890789,-42.6932654
Montanhas de Minas,Dores de Guanhães,MG,-19.0572461,-42.9303756
Montanhas de Minas,Itueta,MG,-19.396359,-41.2259698
Montanhas de Minas,Ouro Branco,MG,-20.5235519,-43.6914114
Montanhas de Minas,São Brás do Suaçuí,MG,-20.6256801,-43.9499862
Montanhas de Minas,Antônio Carlos,MG,-21.3191528,-43.7502275
Montanhas de Minas,Cipotânea,MG,-20.904866,-43.365397
Montanhas de Minas,Patrocínio do Muriaé,MG,-21.1530653,-42.2146556
Montanhas de Minas,Santa Rita de Ibitipoca,MG,-21.5649665,-43.9149187
Montanhas de Minas,Timóteo,MG,-19.5823775,-42.6449593
Montanhas de Minas,Aimorés,MG,-19.496567,-41.0718456
Montanhas de Minas,Confins,MG,-19.6299373,-43.989893
Montanhas de Minas,Dores do Turvo,MG,-20.974998,-43.1890712
Montanhas de Minas,Jaboticatubas,MG,-19.5221099,-43.74543269999999
Montanhas de Minas,Ouro Preto,MG,-20.402211,-43.5105574
Montanhas de Minas,São Domingos do Prata,MG,-19.8656691,-42.9678548
Montanhas de Minas,Antônio Dias,MG,-19.6532672,-42.8722424
Montanhas de Minas,Ewbank da Câmara,MG,-21.5507728,-43.509239
Montanhas de Minas,Pedra do Anta,MG,-20.5976823,-42.7130743
Montanhas de Minas,Santa Rita do Itueto,MG,-19.3581313,-41.3824909
Montanhas de Minas,Tocantins,MG,-21.1730002,-43.0208667
Montanhas de Minas,Além Paraíba,MG,-21.8783264,-42.6946223
Montanhas de Minas,Congonhas,MG,-20.5026936,-43.8597346
Montanhas de Minas,Engenheiro Caldas,MG,-19.1991419,-42.0467596
Montanhas de Minas,Jaguaraçu,MG,-19.6469356,-42.7512388
Montanhas de Minas,Periquito,MG,-19.1565469,-42.2408303
Montanhas de Minas,São Geraldo,MG,-20.9224797,-42.8335825
Montanhas de Minas,Antônio Prado de Minas,MG,-21.0189971,-42.1106661
Montanhas de Minas,Fernandes Tourinho,MG,-19.1537535,-42.08089469999999
Montanhas de Minas,Pedro Teixeira,MG,-21.7051076,-43.7440497
Montanhas de Minas,Santana de Cataguases,MG,-21.2874574,-42.5551038
Montanhas de Minas,Tumiritinga,MG,-18.9785395,-41.6412916
Montanhas de Minas,Alfredo Vasconcelos,MG,-21.148564,-43.7668725
Montanhas de Minas,Conselheiro Lafaiete,MG,-20.6610086,-43.7866376
Montanhas de Minas,Estrela Dalva,MG,-21.7427785,-42.46190259999999
Montanhas de Minas,Mar de Espanha,MG,-21.8657357,-43.01008239999999
Montanhas de Minas,Piau,MG,-21.5052924,-43.3162366
Montanhas de Minas,São Gonçalo do Rio Abaixo,MG,-19.8226405,-43.3663742
Montanhas de Minas,Aracitaba,MG,-21.3377988,-43.3789208
Montanhas de Minas,Ferros,MG,-19.232507,-43.0220229
Montanhas de Minas,Pequeri,MG,-21.8364393,-43.1204098
Montanhas de Minas,Santana do Deserto,MG,-21.9488592,-43.1664731
Montanhas de Minas,Ubá,MG,-21.1208656,-42.9413096
Montanhas de Minas,Belo Oriente,MG,-19.2216614,-42.48676589999999
Montanhas de Minas,Conselheiro Pena,MG,-19.1735404,-41.47232150000001
Montanhas de Minas,Guarani,MG,-21.3588968,-43.0492494
Montanhas de Minas,Mariana,MG,-20.3742109,-43.4162103
Montanhas de Minas,Piedade de Ponte Nova,MG,-20.2469375,-42.73872739999999
Montanhas de Minas,São João do Oriente,MG,-19.3397708,-42.15882209999999
Montanhas de Minas,Argirita,MG,-21.6121229,-42.8365052
Montanhas de Minas,Goiabeira,MG,-18.9808568,-41.2243675
Montanhas de Minas,Rio Doce,MG,-20.2445285,-42.8959004
Montanhas de Minas,Santana do Paraíso,MG,-19.3653761,-42.54898
Montanhas de Minas,Visconde do Rio Branco,MG,-21.0115668,-42.8385691
Montanhas de Minas,Bias Fortes,MG,-21.6055671,-43.7584788
Montanhas de Minas,Coronel Fabriciano,MG,-19.5195034,-42.6280223
Montanhas de Minas,Guarará,MG,-21.7262616,-43.0395451
Montanhas de Minas,Maripá de Minas,MG,-21.6972844,-42.959209
Montanhas de Minas,Pingo-d`Água,MG,-19.72694,-42.4087451
Montanhas de Minas,São João Nepomuceno,MG,-21.5368746,-43.012824
Montanhas de Minas,Astolfo Dutra,MG,-21.3136844,-42.8652105
Montanhas de Minas,Goianá,MG,-21.5384135,-43.2004278
Montanhas de Minas,Rio Espera,MG,-20.856829,-43.47345259999999
Montanhas de Minas,Santana do Riacho,MG,-19.1698804,-43.7154242
Montanhas de Minas,Volta Grande,MG,-21.7699823,-42.5406439
Montanhas de Minas,Bicas,MG,-21.7171886,-43.0628041
Montanhas de Minas,Coronel Pacheco,MG,-21.5887447,-43.2665651
Montanhas de Minas,Guidoval,MG,-21.1517967,-42.7980679
Montanhas de Minas,Marliéria,MG,-19.7118951,-42.736106
Montanhas de Minas,Piranga,MG,-20.6840473,-43.2970665
Montanhas de Minas,São José da Lapa,MG,-19.6986923,-43.9581514
Montanhas de Minas,Baldim,MG,-19.2880462,-43.9565463
Montanhas de Minas,Guaraciaba,MG,-20.571634,-43.0073405
Montanhas de Minas,Rio Novo,MG,-21.4746944,-43.1256981
Montanhas de Minas,Santana dos Montes,MG,-20.7879507,-43.6913698
Montanhas de Minas,Bom Jesus do Amparo,MG,-19.7078985,-43.4757653
Montanhas de Minas,Córrego Novo,MG,-19.8316937,-42.4019565
Montanhas de Minas,Guiricema,MG,-21.0084676,-42.7186706
Montanhas de Minas,Matias Barbosa,MG,-21.8680209,-43.3177168
Montanhas de Minas,Pirapetinga,MG,-21.6583013,-42.3451479
Montanhas de Minas,São José do Goiabal,MG,-19.925384,-42.707566
Montanhas de Minas,Barão de Cocais,MG,-19.9409462,-43.4812978
Montanhas de Minas,Jequitibá,MG,-19.2388863,-44.0241006
Montanhas de Minas,Rio Piracicaba,MG,-19.92837,-43.1699886
Montanhas de Minas,Santo Antônio do Aventureiro,MG,-21.7572699,-42.8167298
Montanhas de Minas,Bom Jesus do Galho,MG,-19.8364483,-42.31692690000001
Montanhas de Minas,Cristiano Otoni,MG,-20.8236458,-43.81325469999999
Montanhas de Minas,Iapu,MG,-19.4382357,-42.2143478
Montanhas de Minas,Mercês,MG,-21.1967769,-43.3417655
Montanhas de Minas,Piraúba,MG,-21.271912,-43.0253435
Montanhas de Minas,São Pedro dos Ferros,MG,-20.168997,-42.52212859999999
Montanhas de Minas,Barão de Monte Alto,MG,-21.2460495,-42.2380814
Montanhas de Minas,Joanésia,MG,-19.1752202,-42.6814245
Montanhas de Minas,Rio Pomba,MG,-21.2737893,-43.1789037
Montanhas de Minas,Santo Antônio do Grama,MG,-20.3155044,-42.6094474
Montanhas de Minas,Brás Pires,MG,-20.8477396,-43.2433829
Montanhas de Minas,Cuparaque,MG,-18.9696712,-41.0978757
Montanhas de Minas,Ibertioga,MG,-21.4334205,-43.964163
Montanhas de Minas,Mesquita,MG,-19.2214106,-42.610546
Montanhas de Minas,Pocrane,MG,-19.6209646,-41.6333852
Montanhas de Minas,São Sebastião do Rio Preto,MG,-19.292833,-43.1751166
Montanhas de Minas,Barbacena,MG,-21.2219897,-43.77244870000001
Montanhas de Minas,João Monlevade,MG,-19.808204,-43.1735433
Montanhas de Minas,Rio Preto,MG,-22.0892104,-43.8276741
Montanhas de Minas,Santo Antônio do Rio Abaixo,MG,-19.2378067,-43.2608398
Montanhas de Minas,Braúnas,MG,-19.0576546,-42.7188384
Montanhas de Minas,Descoberto,MG,-21.4597315,-42.9670834
Montanhas de Minas,Ipaba,MG,-19.4143618,-42.4150731
Montanhas de Minas,Moeda,MG,-20.3336369,-44.0525432
Montanhas de Minas,Ponte Nova,MG,-20.4091049,-42.8945074
Montanhas de Minas,Sem-Peixe,MG,-20.1040454,-42.8415113
Montanhas de Minas,Barra Longa,MG,-20.2826366,-43.0410455
Montanhas de Minas,Juiz de Fora,MG,-21.7623932,-43.3434669
Montanhas de Minas,Rochedo de Minas,MG,-21.6284833,-43.0193251
Montanhas de Minas,Santos Dumont,MG,-21.4562631,-43.5519273
Montanhas de Minas,Bugre,MG,-19.4258382,-42.2556964
Montanhas de Minas,Desterro do Melo,MG,-21.1476972,-43.5182464
Montanhas de Minas,Ipanema,MG,-19.8005252,-41.7140574
Montanhas de Minas,Morro do Pilar,MG,-19.2169687,-43.37687340000001
Montanhas de Minas,Presidente Bernardes,MG,-20.7684902,-43.1867782
Montanhas de Minas,Senador Cortes,MG,-21.7988351,-42.9449242
Montanhas de Minas,Barroso,MG,-21.1880429,-43.9759925
Montanhas de Minas,Lagoa Santa,MG,-19.6447323,-43.9044951
Montanhas de Minas,Rodeiro,MG,-21.2010563,-42.8653243
Montanhas de Minas,Senhora de Oliveira,MG,-20.7940079,-43.3431129
Montanhas de Minas,Caeté,MG,-19.8843572,-43.6610551
Montanhas de Minas,Diogo de Vasconcelos,MG,-20.4865202,-43.1990011
Montanhas de Minas,Ipatinga,MG,-19.46319,-42.5592797
Montanhas de Minas,Naque,MG,-19.2254021,-42.3309191
Montanhas de Minas,Queluzito,MG,-20.7403992,-43.8831333
Montanhas de Minas,Senador Firmino,MG,-20.917238,-43.1005395
Montanhas de Minas,Bela Vista de Minas,MG,-19.8288658,-43.0968361
Montanhas de Minas,Lamim,MG,-20.7904937,-43.4731386
Montanhas de Minas,Sabará,MG,-19.8948501,-43.814814
Montanhas de Minas,Senhora dos Remédios,MG,-21.029273,-43.5816861
Montanhas de Minas,Capela Nova,MG,-20.9236166,-43.6183572
Montanhas de Minas,Dionísio,MG,-19.8413453,-42.7765266
Montanhas de Minas,Itabira,MG,-19.6243501,-43.2235848
Montanhas de Minas,Nova Era,MG,-19.7657992,-43.0350217
Montanhas de Minas,Raposos,MG,-19.9663762,-43.8052593
Montanhas de Minas,Urucânia,MG,-20.3510067,-42.7401585
Montanhas de Minas,Belmiro Braga,MG,-21.9497756,-43.4156529
Montanhas de Minas,Laranjal,MG,-21.3638927,-42.4791243
Montanhas de Minas,Santa Bárbara,MG,-19.9569967,-43.4104189
Montanhas de Minas,Silveirânia,MG,-21.1611232,-43.2154155
Montanhas de Minas,Capitão Andrade,MG,-19.0711826,-41.8638943
Montanhas de Minas,Divinésia,MG,-20.9903302,-43.0048871
Montanhas de Minas,Itabirito,MG,-20.2481745,-43.8043936
Montanhas de Minas,Nova Lima,MG,-19.9849058,-43.8469634
Montanhas de Minas,Recreio,MG,-21.5265785,-42.4688903
Montanhas de Minas,Vespasiano,MG,-19.6888212,-43.9243329
Montanhas de Minas,Belo Horizonte,MG,-19.919052,-43.9386685
Montanhas de Minas,Leopoldina,MG,-21.5304301,-42.6438176
Montanhas de Minas,Santa Bárbara do Monte Verde,MG,-21.9581515,-43.7023471
Montanhas de Minas,Simão Pereira,MG,-21.9649661,-43.3137901
Montanhas de Minas,Caranaíba,MG,-20.8745625,-43.7375912
Montanhas de Minas,Dom Cavati,MG,-19.3763803,-42.1066727
Montanhas de Minas,Itamarati de Minas,MG,-21.4168022,-42.8168859
Montanhas de Minas,Nova União,MG,-19.6874806,-43.583051
Montanhas de Minas,Resplendor,MG,-19.3245094,-41.2514817
Montanhas de Minas,Alto Rio Doce,MG,-21.0233592,-43.415198
Montanhas de Minas,Catas Altas,MG,-20.0742963,-43.4080142
Montanhas de Minas,Lima Duarte,MG,-21.8391728,-43.7922073
Montanhas de Minas,Santa Bárbara do Tugúrio,MG,-21.2462728,-43.5591473
Montanhas de Minas,Sobrália,MG,-19.2342119,-42.0992786
Montanhas de Minas,Carandaí,MG,-20.9538399,-43.8021063
Montanhas de Minas,Dom Silvério,MG,-20.1622442,-42.9669648
Montanhas de Minas,Itambé do Mato Dentro,MG,-19.4167983,-43.3222577
Montanhas de Minas,Olaria,MG,-21.8600314,-43.9370888
Montanhas de Minas,Ressaquinha,MG,-21.0627659,-43.762433
Montanhas de Minas,Alvarenga,MG,-19.4166094,-41.7277805
Montanhas de Minas,Catas Altas da Noruega,MG,-20.6902239,-43.49909419999999
Montanhas de Minas,Paiva,MG,-21.2880889,-43.41593599999999
Montanhas de Minas,Santa Cruz do Escalvado,MG,-20.2353929,-42.814377
Montanhas de Minas,Taparuba,MG,-19.7649126,-41.6140499
Montanhas de Minas,Carmésia,MG,-19.0867128,-43.1413751
Montanhas de Minas,Dona Eusébia,MG,-21.3151478,-42.8120874
Montanhas de Minas,Itanhomi,MG,-19.1714938,-41.8639371
Montanhas de Minas,Oliveira Fortes,MG,-21.3383161,-43.4581668
Montanhas de Minas,Rio Acima,MG,-20.0882848,-43.7910365
Montanhas de Minas,Alvinópolis,MG,-20.10761,-43.0574762
Montanhas de Minas,Chácara,MG,-21.6719057,-43.2215573
Montanhas de Minas,Palma,MG,-21.3749367,-42.3141519
Montanhas de Minas,Santa Luzia,MG,-19.7884002,-43.9402344
Montanhas de Minas,Taquaraçu de Minas,MG,-19.6677615,-43.6890931
Norte e Noroeste de Minas,Água Comprida,MG,-20.0584856,-48.1090128
Norte e Noroeste de Minas,Comendador Gomes,MG,-19.6972963,-49.0836212
Norte e Noroeste de Minas,Centralina,MG,-18.5896484,-49.1970562
Norte e Noroeste de Minas,Campo Florido,MG,-19.762486,-48.5714802
Norte e Noroeste de Minas,Conceição das Alagoas,MG,-19.9241693,-48.3811173
Norte e Noroeste de Minas,Delta,MG,-19.9719267,-47.7757685
Norte e Noroeste de Minas,Dores do Indaiá,MG,-19.4614059,-45.5957533
Norte e Noroeste de Minas,Lagoa da Prata,MG,-20.0246311,-45.540565
Norte e Noroeste de Minas,Lagoa Grande,MG,-17.8368328,-46.5212205
Norte e Noroeste de Minas,Prata,MG,-19.3079524,-48.9265496
Norte e Noroeste de Minas,São Francisco de Sales,MG,-19.8603066,-49.7710053
Norte e Noroeste de Minas,Abaeté,MG,-19.157438,-45.4447859
Norte e Noroeste de Minas,Capinópolis,MG,-18.6829575,-49.5706164
Norte e Noroeste de Minas,Cedro do Abaeté,MG,-19.1464575,-45.7138281
Norte e Noroeste de Minas,Brasilândia de Minas,MG,-17.0103224,-46.0085329
Norte e Noroeste de Minas,Frutal,MG,-20.0263494,-48.9362703
Norte e Noroeste de Minas,Estrela do Indaiá,MG,-19.5221638,-45.787951
Norte e Noroeste de Minas,Itapagipe,MG,-19.9018142,-49.3701088
Norte e Noroeste de Minas,Luz,MG,-19.790283,-45.6820678
Norte e Noroeste de Minas,Planura,MG,-20.1399952,-48.701023
Norte e Noroeste de Minas,Quartel Geral,MG,-19.270648,-45.55732219999999
Cerrado Mineiro (Denominação de Origem),Abadia dos Dourados,MG,-18.4868648,-47.4030649
Cerrado Mineiro (Denominação de Origem),Buritis,MG,-15.6288264,-46.4298542
Cerrado Mineiro (Denominação de Origem),Cascalho Rico,MG,-18.5787112,-47.876108
Cerrado Mineiro (Denominação de Origem),Douradoquara,MG,-18.4309993,-47.6081353
Cerrado Mineiro (Denominação de Origem),Ibiá,MG,-19.4878116,-46.5450499
Cerrado Mineiro (Denominação de Origem),Lagoa Formosa,MG,-18.7776633,-46.405353
Cerrado Mineiro (Denominação de Origem),Medeiros,MG,-19.9955155,-46.2207664
Cerrado Mineiro (Denominação de Origem),Patos de Minas,MG,-18.5961542,-46.5150252
Cerrado Mineiro (Denominação de Origem),Sacramento,MG,-19.8661382,-47.44096529999999
Cerrado Mineiro (Denominação de Origem),Serra do Salitre,MG,-19.1091373,-46.6812035
Cerrado Mineiro (Denominação de Origem),Uberlândia,MG,-18.9127749,-48.2755227
Cerrado Mineiro (Denominação de Origem),Araguari,MG,-18.6458648,-48.1979912
Cerrado Mineiro (Denominação de Origem),Buritizeiro,MG,-17.3623205,-44.9662399
Cerrado Mineiro (Denominação de Origem),Conquista,MG,-19.9380534,-47.54425819999999
Cerrado Mineiro (Denominação de Origem),Estrela do Sul,MG,-18.7450679,-47.6927332
Cerrado Mineiro (Denominação de Origem),Indianópolis,MG,-19.038245,-47.91601439999999
Cerrado Mineiro (Denominação de Origem),Patrocínio,MG,-18.9380278,-46.99425110000001
Cerrado Mineiro (Denominação de Origem),Monte Alegre de Minas,MG,-18.8705155,-48.8799751
Cerrado Mineiro (Denominação de Origem),Pratinha,MG,-19.7504733,-46.3773223
Cerrado Mineiro (Denominação de Origem),Santa Juliana,MG,-19.3126459,-47.5269907
Cerrado Mineiro (Denominação de Origem),Tapira,MG,-19.9250993,-46.8233298
Cerrado Mineiro (Denominação de Origem),Unaí,MG,-16.3647325,-46.89200710000001
Cerrado Mineiro (Denominação de Origem),Arapuá,MG,-19.035451,-46.1539508
Cerrado Mineiro (Denominação de Origem),Campos Altos,MG,-19.6968881,-46.1704974
Cerrado Mineiro (Denominação de Origem),Coromandel,MG,-18.4785912,-47.19786939999999
Cerrado Mineiro (Denominação de Origem),Grupiara,MG,-18.4943963,-47.7244459
Cerrado Mineiro (Denominação de Origem),Iraí de Minas,MG,-18.9833808,-47.4617751
Cerrado Mineiro (Denominação de Origem),Pedrinópolis,MG,-19.2281877,-47.46301039999999
Cerrado Mineiro (Denominação de Origem),Monte Carmelo,MG,-18.7269616,-47.4956501
Cerrado Mineiro (Denominação de Origem),Presidente Olegário,MG,-18.4158495,-46.4186194
Cerrado Mineiro (Denominação de Origem),Santa Rosa da Serra,MG,-19.527717,-45.9667441
Cerrado Mineiro (Denominação de Origem),Tiros,MG,-19.003686,-45.9658165
Cerrado Mineiro (Denominação de Origem),Varjão de Minas,MG,-18.379071,-46.0320827
Cerrado Mineiro (Denominação de Origem),Araxá,MG,-19.5851791,-46.9447957
Cerrado Mineiro (Denominação de Origem),Canápolis,MG,-18.7266706,-49.2014404
Cerrado Mineiro (Denominação de Origem),Córrego Danta,MG,-19.8235978,-45.9043966
Cerrado Mineiro (Denominação de Origem),Guarda-Mor,MG,-17.7704994,-47.0958055
Cerrado Mineiro (Denominação de Origem),João Pinheiro,MG,-17.7406406,-46.17436259999999
Cerrado Mineiro (Denominação de Origem),Perdizes,MG,-19.3449179,-47.2946751
Cerrado Mineiro (Denominação de Origem),Nova Ponte,MG,-19.166592,-47.6736073
Cerrado Mineiro (Denominação de Origem),Rio Paranaíba,MG,-19.1980409,-46.2368621
Cerrado Mineiro (Denominação de Origem),São Gonçalo do Abaeté,MG,-18.3401701,-45.8318041
Cerrado Mineiro (Denominação de Origem),Tupaciguara,MG,-18.5943699,-48.7025321
Cerrado Mineiro (Denominação de Origem),Vazante,MG,-17.9873275,-46.9041459
Cerrado Mineiro (Denominação de Origem),Bonfinópolis de Minas,MG,-16.5657734,-45.98931289999999
Cerrado Mineiro (Denominação de Origem),Carmo do Paranaíba,MG,-18.9997131,-46.3126967
Cerrado Mineiro (Denominação de Origem),Cruzeiro da Fortaleza,MG,-18.946948,-46.673326
Cerrado Mineiro (Denominação de Origem),Guimarânia,MG,-18.844193,-46.7942354
Cerrado Mineiro (Denominação de Origem),Lagamar,MG,-18.178724,-46.80644359999999
Cerrado Mineiro (Denominação de Origem),Matutina,MG,-19.2223922,-45.9718167
Cerrado Mineiro (Denominação de Origem),Paracatu,MG,-17.2174562,-46.8723064
Cerrado Mineiro (Denominação de Origem),Romaria,MG,-18.8854839,-47.5859939
Cerrado Mineiro (Denominação de Origem),São Gotardo,MG,-19.3107686,-46.04897949999999
Cerrado Mineiro (Denominação de Origem),Uberaba,MG,-19.7460372,-47.9339936
Cerrado Mineiro (Denominação de Origem),Bambuí,MG,-20.0170955,-45.9795138
Campo das Vertentes (Indicação de Procedência),São Francisco de Paula,MG,-20.7078821,-44.9851217
Campo das Vertentes (Indicação de Procedência),Bom Sucesso,MG,-21.0350635,-44.7593214
Campo das Vertentes (Indicação de Procedência),Oliveira,MG,-20.695389,-44.82805889999999
Campo das Vertentes (Indicação de Procedência),Perdões,MG,-21.0939049,-45.088492
Campo das Vertentes (Indicação de Procedência),Ritápolis,MG,-21.0262714,-44.3194171
Campo das Vertentes (Indicação de Procedência),Santana do Jacaré,MG,-20.9012794,-45.1288705
Campo das Vertentes (Indicação de Procedência),São Tiago,MG,-20.9110705,-44.5085712
Campo das Vertentes (Indicação de Procedência),Camacho,MG,-20.6271774,-45.1550139
Campo das Vertentes (Indicação de Procedência),Campo Belo,MG,-20.8937313,-45.27111
Campo das Vertentes (Indicação de Procedência),Cana Verde,MG,-21.0215371,-45.1808497
Campo das Vertentes (Indicação de Procedência),Candeias,MG,-20.7671813,-45.2770467
Campo das Vertentes (Indicação de Procedência),Carmo da Mata,MG,-20.5578897,-44.8699338
Campo das Vertentes (Indicação de Procedência),Conceição da Barra de Minas,MG,-21.1288857,-44.4736342
Campo das Vertentes (Indicação de Procedência),Ibituruna,MG,-21.1528079,-44.749702
Campo das Vertentes (Indicação de Procedência),Nazareno,MG,-21.2169199,-44.6139101
Campo das Vertentes (Indicação de Procedência),Santo Antônio do Amparo,MG,-20.945541,-44.9205542
Campo das Vertentes (Indicação de Procedência),São João del Rei,MG,-21.1315599,-44.2530927
Alta Mogiana (Indicação de Procedência),Cássia dos Coqueiros,SP,-21.2814597,-47.16893229999999
Alta Mogiana (Indicação de Procedência),Altinópolis,SP,-21.0228295,-47.3742097
Alta Mogiana (Indicação de Procedência),Batatais,SP,-20.8861299,-47.5853958
Alta Mogiana (Indicação de Procedência),Buritizal,SP,-20.1936224,-47.7105454
Alta Mogiana (Indicação de Procedência),Cajuru,SP,-21.2755425,-47.30135320000001
Alta Mogiana (Indicação de Procedência),Cristais Paulista,SP,-20.405504,-47.4219511
Alta Mogiana (Indicação de Procedência),Franca,SP,-20.5394298,-47.4010979
Alta Mogiana (Indicação de Procedência),Itirapuã,SP,-20.6420619,-47.21988839999999
Alta Mogiana (Indicação de Procedência),Jeriquara,SP,-20.3105035,-47.5899347
Alta Mogiana (Indicação de Procedência),Nuporanga,SP,-20.7304834,-47.7525516
Alta Mogiana (Indicação de Procedência),Patrocínio Paulista,SP,-20.6411517,-47.28115709999999
Alta Mogiana (Indicação de Procedência),Pedregulho,SP,-20.2559968,-47.4767911
Alta Mogiana (Indicação de Procedência),Restinga,SP,-20.6000689,-47.4803653
Alta Mogiana (Indicação de Procedência),Ribeirão Corrente,SP,-20.4574969,-47.5905032
Alta Mogiana (Indicação de Procedência),Santo Antônio da Alegria,SP,-21.0895949,-47.15332679999999
Alta Mogiana (Indicação de Procedência),São José da Bela Vista,SP,-20.5931223,-47.6403257
Alta Mogiana,Cássia dos Coqueiros,SP,-21.2814597,-47.16893229999999
Alta Mogiana,Altinópolis,SP,-21.0228295,-47.3742097
Alta Mogiana,Batatais,SP,-20.8861299,-47.5853958
Alta Mogiana,Buritizal,SP,-20.1936224,-47.7105454
Alta Mogiana,Cajuru,SP,-21.2755425,-47.30135320000001
Alta Mogiana,Cristais Paulista,SP,-20.405504,-47.4219511
Alta Mogiana,Franca,SP,-20.5394298,-47.4010979
Alta Mogiana,Itirapuã,SP,-20.6420619,-47.21988839999999
Alta Mogiana,Jeriquara,SP,-20.3105035,-47.5899347
Alta Mogiana,Nuporanga,SP,-20.7304834,-47.7525516
Alta Mogiana,Patrocínio Paulista,SP,-20.6411517,-47.28115709999999
Alta Mogiana,Pedregulho,SP,-20.2559968,-47.4767911
Alta Mogiana,Restinga,SP,-20.6000689,-47.4803653
Alta Mogiana,Ribeirão Corrente,SP,-20.4574969,-47.5905032
Alta Mogiana,Santo Antônio da Alegria,SP,-21.0895949,-47.15332679999999
Alta Mogiana,São José da Bela Vista,SP,-20.5931223,-47.6403257
Média Mogiana,Bom Jesus dos Perdões,SP,-23.1355496,-46.4646825
Média Mogiana,Holambra,SP,-22.6273804,-47.04938509999999
Média Mogiana,Pedra Bela,SP,-22.7947984,-46.4433575
Média Mogiana,Serra Negra,SP,-22.6126745,-46.699658
Média Mogiana,Artur Nogueira,SP,-22.5740094,-47.1714126
Média Mogiana,Conchal,SP,-22.3339642,-47.17240719999999
Média Mogiana,Itatiba,SP,-23.0116344,-46.8375899
Média Mogiana,Mogi Mirim,SP,-22.4314429,-46.9569108
Média Mogiana,Nazaré Paulista,SP,-23.1822675,-46.3982474
Média Mogiana,Piracaia,SP,-23.0541177,-46.3561298
Média Mogiana,Socorro,SP,-22.5935091,-46.5274529
Média Mogiana,Tuiuti,SP,-22.8157566,-46.6927347
Média Mogiana,Bragança Paulista,SP,-22.9531705,-46.5423239
Média Mogiana,Lindóia,SP,-22.5225003,-46.6477059
Média Mogiana,Santa Cruz das Palmeiras,SP,-21.8260648,-47.24813270000001
Média Mogiana,Águas de Lindóia,SP,-22.4803601,-46.633882
Média Mogiana,Atibaia,SP,-23.1155873,-46.5532067
Média Mogiana,Divinolândia,SP,-21.6616122,-46.73954879999999
Média Mogiana,Jaguariúna,SP,-22.7042274,-46.9848946
Média Mogiana,Monte Alegre do Sul,SP,-22.69004,-46.6826067
Média Mogiana,Pedreira,SP,-22.7425897,-46.8984511
Média Mogiana,São José do Rio Pardo,SP,-21.6044927,-46.8935028
Média Mogiana,Tambaú,SP,-21.7073335,-47.2749788
Média Mogiana,Vargem Grande do Sul,SP,-21.8291724,-46.8912026
Média Mogiana,Caconde,SP,-21.5295772,-46.6455342
Média Mogiana,Mococa,SP,-21.4739662,-47.0008934
Média Mogiana,Santo Antônio de Posse,SP,-22.6049982,-46.9159146
Média Mogiana,Amparo,SP,-22.7080425,-46.7726251
Média Mogiana,Casa Branca,SP,-21.7759193,-47.085265
Média Mogiana,Engenheiro Coelho,SP,-22.4885788,-47.21264619999999
Média Mogiana,Joanópolis,SP,-22.9306861,-46.2725719
Média Mogiana,Morungaba,SP,-22.8751844,-46.7903824
Média Mogiana,Pinhalzinho,SP,-22.7823978,-46.590643
Média Mogiana,São Sebastião da Grama,SP,-21.7094756,-46.8227157
Média Mogiana,Tapiratiba,SP,-21.4716129,-46.7469725
Média Mogiana,Vargem,SP,-22.8909633,-46.4162421
Marília e Garça,Álvaro de Carvalho,SP,-22.078399,-49.7202137
Marília e Garça,Alvinlândia,SP,-22.4419043,-49.7637734
Marília e Garça,Echaporã,SP,-22.4293783,-50.2044448
Marília e Garça,Fernão,SP,-22.3605675,-49.5221497
Marília e Garça,Gália,SP,-22.2914682,-49.5518598
Marília e Garça,Garça,SP,-22.2131635,-49.65553939999999
Marília e Garça,Herculândia,SP,-22.0043951,-50.3870741
Marília e Garça,Lupércio,SP,-22.413641,-49.8203839
Marília e Garça,Marília,SP,-22.2175968,-49.9487485
Marília e Garça,Ocauçu,SP,-22.4405968,-49.9208703
Marília e Garça,Oscar Bressane,SP,-22.3173751,-50.2813104
Marília e Garça,Pompéia,SP,-22.1060594,-50.1736915
Marília e Garça,Quintana,SP,-22.069832,-50.305527
Marília e Garça,Vera Cruz,SP,-22.2220402,-49.8197011
Ourinhos e Avaré,Águas de Santa Bárbara,SP,-22.8812164,-49.2397734
Ourinhos e Avaré,Areiópolis,SP,-22.6699138,-48.6631318
Ourinhos e Avaré,Bernardino de Campos,SP,-23.0147985,-49.4731864
Ourinhos e Avaré,Canitar,SP,-23.0054595,-49.7831769
Ourinhos e Avaré,Chavantes,SP,-23.0375691,-49.7114397
Ourinhos e Avaré,Iaras,SP,-22.8732951,-49.1614842
Ourinhos e Avaré,Itatinga,SP,-23.1039377,-48.6117374
Ourinhos e Avaré,Óleo,SP,-22.9437587,-49.3421652
Ourinhos e Avaré,Piraju,SP,-23.1958124,-49.3819619
Ourinhos e Avaré,Santa Cruz do Rio Pardo,SP,-22.8951767,-49.6222399
Ourinhos e Avaré,Sarutaiá,SP,-23.2751503,-49.478928
Ourinhos e Avaré,Timburi,SP,-23.207156,-49.6051568
Ourinhos e Avaré,Fartura,SP,-23.3898836,-49.5077519
Ourinhos e Avaré,Arandu,SP,-23.1351148,-49.0546461
Ourinhos e Avaré,Avaré,SP,-23.0991209,-48.9228793
Ourinhos e Avaré,Botucatu,SP,-22.8873233,-48.444658
Ourinhos e Avaré,Cerqueira César,SP,-23.0338452,-49.16642040000001
Ourinhos e Avaré,Espírito Santo do Turvo,SP,-22.6920361,-49.4305519
Ourinhos e Avaré,Ipaussu,SP,-23.0549383,-49.62682119999999
Ourinhos e Avaré,Manduri,SP,-23.0037165,-49.31928850000001
Ourinhos e Avaré,Pardinho,SP,-23.0800859,-48.3755621
Ourinhos e Avaré,Pratânia,SP,-22.8103659,-48.6650909
Ourinhos e Avaré,São Manuel,SP,-22.7326916,-48.5725621
Ourinhos e Avaré,Taguaí,SP,-23.4526645,-49.40982169999999
Ourinhos e Avaré,Tejupá,SP,-23.4026603,-49.2526365
Região de Pinhal (Indicação de Procedência),Itapira,SP,-22.4313261,-46.826323
Região de Pinhal (Indicação de Procedência),Mogi Guaçu,SP,-22.3679387,-46.9432454
Região de Pinhal (Indicação de Procedência),Santo Antônio do Jardim,SP,-22.1161884,-46.6838193
Região de Pinhal (Indicação de Procedência),São João da Boa Vista,SP,-21.9698109,-46.7985054
Região de Pinhal (Indicação de Procedência),Espírito Santo do Pinhal,SP,-22.1968945,-46.7492486
Região de Pinhal (Indicação de Procedência),Aguaí,SP,-22.057964,-46.97785
Região de Pinhal (Indicação de Procedência),Águas da Prata,SP,-21.9449143,-46.7168213
Região de Pinhal (Indicação de Procedência),Estiva Gerbi,SP,-22.273691,-46.951949
A. Chapada Diamantina,Abaíra,BA,-13.2500752,-41.66486829999999
A. Chapada Diamantina,Barra da Estiva,BA,-13.6271035,-41.32904690000001
A. Chapada Diamantina,Bonito,BA,-11.9672207,-41.2650361
A. Chapada Diamantina,Ibitiara,BA,-12.6488338,-42.2170492
A. Chapada Diamantina,Iraquara,BA,-12.2472472,-41.61734
A. Chapada Diamantina,Jussiape,BA,-13.5157625,-41.5923028
A. Chapada Diamantina,Marcionílio Souza,BA,-13.0043157,-40.5318313
A. Chapada Diamantina,Mucugê,BA,-13.0088285,-41.3711799
A. Chapada Diamantina,Novo Horizonte,BA,-12.809465,-42.1677942
A. Chapada Diamantina,Piatã,BA,-13.150976,-41.7756728
A. Chapada Diamantina,Seabra,BA,-12.4175067,-41.7692236
A. Chapada Diamantina,Utinga,BA,-12.0805557,-41.0972934
A. Chapada Diamantina,Andaraí,BA,-12.8065443,-41.3302644
A. Chapada Diamantina,Boninal,BA,-12.7099665,-41.82849090000001
A. Chapada Diamantina,Ibicoara,BA,-13.4136556,-41.284438
A. Chapada Diamantina,Iramaia,BA,-13.2930206,-40.9597382
A. Chapada Diamantina,Itaeté,BA,-12.9810717,-40.9654076
A. Chapada Diamantina,Lençóis,BA,-12.5623255,-41.3886026
A. Chapada Diamantina,Morro do Chapéu,BA,-11.5492584,-41.1572668
A. Chapada Diamantina,Nova Redenção,BA,-12.8164871,-41.0720116
A. Chapada Diamantina,Palmeiras,BA,-12.5146538,-41.57816210000001
A. Chapada Diamantina,Rio de Contas,BA,-13.580844,-41.8134444
A. Chapada Diamantina,Souto Soares,BA,-12.0880843,-41.6478049
A. Chapada Diamantina,Wagner,BA,-12.2826722,-41.1725415
B. Planalto de Vitória da Conquista,Anagé,BA,-14.6126249,-41.1380494
B. Planalto de Vitória da Conquista,Barra do Choça,BA,-14.8659489,-40.5778538
B. Planalto de Vitória da Conquista,Caetanos,BA,-14.337029,-40.9094716
B. Planalto de Vitória da Conquista,Caraíbas,BA,-14.7244929,-41.2598571
B. Planalto de Vitória da Conquista,Licínio de Almeida,BA,-14.6825242,-42.5050773
B. Planalto de Vitória da Conquista,Mirante,BA,-14.2389228,-40.7721729
B. Planalto de Vitória da Conquista,Piripá,BA,-14.943269,-41.7186194
B. Planalto de Vitória da Conquista,Ribeirão do Largo,BA,-15.4592728,-40.74063779999999
B. Planalto de Vitória da Conquista,Vitória da Conquista,BA,-14.8619237,-40.8445346
B. Planalto de Vitória da Conquista,Condeúba,BA,-14.9027502,-41.9720654
B. Planalto de Vitória da Conquista,Encruzilhada,BA,-15.5329871,-40.9103203
B. Planalto de Vitória da Conquista,Poções,BA,-14.5287347,-40.3663895
B. Planalto de Vitória da Conquista,Aracatu,BA,-14.4280991,-41.4639925
B. Planalto de Vitória da Conquista,Belo Campo,BA,-15.0338145,-41.2655571
B. Planalto de Vitória da Conquista,Cândido Sales,BA,-15.5053557,-41.2352742
B. Planalto de Vitória da Conquista,Jacaraci,BA,-14.8443374,-42.432116
B. Planalto de Vitória da Conquista,Maetinga,BA,-14.6623991,-41.4918431
B. Planalto de Vitória da Conquista,Mortugaba,BA,-15.026004,-42.3685579
B. Planalto de Vitória da Conquista,Planalto,BA,-14.6690712,-40.4771881
B. Planalto de Vitória da Conquista,Tremedal,BA,-14.9774102,-41.4117348
B. Planalto de Vitória da Conquista,Bom Jesus da Serra,BA,-14.3759581,-40.5059428
B. Planalto de Vitória da Conquista,Cordeiros,BA,-15.0390482,-41.9337904
B. Planalto de Vitória da Conquista,Guajeru,BA,-14.5486904,-41.9387629
B. Planalto de Vitória da Conquista,Presidente Jânio Quadros,BA,-14.6882517,-41.6803247
C. Serrana de Itiruçu/Brejões,Amargosa,BA,-13.0297318,-39.60207
C. Serrana de Itiruçu/Brejões,Cravolândia,BA,-13.3597899,-39.8140815
C. Serrana de Itiruçu/Brejões,Irajuba,BA,-13.2518051,-40.08494950000001
C. Serrana de Itiruçu/Brejões,Itiruçu,BA,-13.5348781,-40.1504317
C. Serrana de Itiruçu/Brejões,Jiquiriçá,BA,-13.2583796,-39.5679864
C. Serrana de Itiruçu/Brejões,Lajedo do Tabocal,BA,-13.4743706,-40.2207337
C. Serrana de Itiruçu/Brejões,Santa Inês,BA,-13.2922514,-39.8190164
C. Serrana de Itiruçu/Brejões,Ubaíra,BA,-13.2681466,-39.6605539
C. Serrana de Itiruçu/Brejões,Milagres,BA,-12.8659041,-39.8609304
C. Serrana de Itiruçu/Brejões,Nova Itarana,BA,-13.0264736,-40.0669117
C. Serrana de Itiruçu/Brejões,Brejões,BA,-13.1037493,-39.7948949
C. Serrana de Itiruçu/Brejões,Elísio Medrado,BA,-12.9450658,-39.52127960000001
C. Serrana de Itiruçu/Brejões,Itaquara,BA,-13.446321,-39.9382551
C. Serrana de Itiruçu/Brejões,Jaguaquara,BA,-13.5281974,-39.9695429
C. Serrana de Itiruçu/Brejões,Lafaiete Coutinho,BA,-13.65659,-40.2122737
C. Serrana de Itiruçu/Brejões,Laje,BA,-13.1816372,-39.42254399999999
C. Serrana de Itiruçu/Brejões,São Miguel das Matas,BA,-13.0471435,-39.456067
C. Serrana de Itiruçu/Brejões,Maracás,BA,-13.4380717,-40.4335797
C. Serrana de Itiruçu/Brejões,Mutuípe,BA,-13.2288403,-39.5047077
C. Serrana de Itiruçu/Brejões,Planaltino,BA,-13.2607978,-40.3708597
Oeste da Bahia (Indicação de Procedência),Barreiras,BA,-12.1477483,-44.9953475
Oeste da Bahia (Indicação de Procedência),Baianópolis,BA,-12.309419,-44.5380461
Oeste da Bahia (Indicação de Procedência),Catolândia,BA,-12.3146577,-44.8623005
Oeste da Bahia (Indicação de Procedência),Correntina,BA,-13.3425542,-44.6357227
Oeste da Bahia (Indicação de Procedência),Cocos,BA,-14.1807327,-44.5405021
Oeste da Bahia (Indicação de Procedência),Luís Eduardo Magalhães,BA,-12.0806624,-45.7786578
Oeste da Bahia (Indicação de Procedência),Jaborandi,BA,-13.6234403,-44.4667329
Oeste da Bahia (Indicação de Procedência),Riachão das Neves,BA,-11.7478067,-44.9107875
Oeste da Bahia (Indicação de Procedência),São Desidério,BA,-12.361991,-44.974374
Oeste da Bahia (Indicação de Procedência),Formosa do Rio Preto,BA,-11.0409344,-45.1899068
Oeste da Bahia (Indicação de Procedência),Santa Rita de Cássia,BA,-11.0036532,-44.5200796
Atlântico Baiano,Almadina,BA,-14.7055946,-39.6367826
Atlântico Baiano,Buerarema,BA,-14.9567483,-39.3016915
Atlântico Baiano,Camamu,BA,-13.944341,-39.104571
Atlântico Baiano,Itapé,BA,-14.8960356,-39.4235508
Atlântico Baiano,Maraú,BA,-14.1039544,-39.0153007
Atlântico Baiano,Prado,BA,-17.3340784,-39.2250585
Atlântico Baiano,Ubaitaba,BA,-14.3087645,-39.3225434
Atlântico Baiano,Itabela,BA,-16.5740213,-39.5595852
Atlântico Baiano,Floresta Azul,BA,-14.8584223,-39.6565815
Atlântico Baiano,Ilhéus,BA,-14.7981287,-39.0346984
Atlântico Baiano,Itaju do Colônia,BA,-15.1425938,-39.724708
Atlântico Baiano,Una,BA,-15.295065865545306,-39.07529192851047
Atlântico Baiano,Arataca,BA,-15.2626657,-39.4141123
Atlântico Baiano,Camacan,BA,-15.4201038,-39.49640369999999
Atlântico Baiano,Eunápolis,BA,-16.3751025,-39.5881125
Atlântico Baiano,Itapitanga,BA,-14.4214383,-39.5673464
Atlântico Baiano,Mascote,BA,-15.5654982,-39.3025451
Atlântico Baiano,Santa Luzia,BA,-15.4309458,-39.3328128
Atlântico Baiano,Aurelino Leal,BA,-14.316809,-39.3248459
Atlântico Baiano,Itamaraju,BA,-17.0346471,-39.532573
Atlântico Baiano,Ibicaraí,BA,-14.8659242,-39.5903468
Atlântico Baiano,Itabuna,BA,-14.7916229,-39.2833243
Atlântico Baiano,Itajuípe,BA,-14.6749069,-39.37662040000001
Atlântico Baiano,Uruçuca,BA,-14.5918449,-39.2845674
Atlântico Baiano,Barro Preto,BA,-14.808597,-39.4730623
Atlântico Baiano,Canavieiras,BA,-15.6773461,-38.9451874
Atlântico Baiano,Jucuruçu,BA,-16.866667,-39.9166669
Atlântico Baiano,Jussari,BA,-15.1880899,-39.4940986
Atlântico Baiano,Porto Seguro,BA,-16.4443537,-39.0653656
Atlântico Baiano,São José da Vitória,BA,-15.0811307,-39.3383105
Atlântico Baiano,Gandu,BA,-13.7453289,-39.4861642
Atlântico Baiano,Coaraci,BA,-14.6403294,-39.5507893
Atlântico Baiano,Ibirapitanga,BA,-14.161381,-39.3683973
Atlântico Baiano,Itacaré,BA,-14.2801238,-38.9946356
Atlântico Baiano,Pau Brasil,BA,-15.4625471,-39.6530327
Montanhas do Espírito Santo (Denominação de Origem),Venda Nova do Imigrante,ES,-20.3325486,-41.1295988
Montanhas do Espírito Santo (Denominação de Origem),Marechal Floriano,ES,-20.4113507,-40.6760342
Montanhas do Espírito Santo (Denominação de Origem),Itarana,ES,-19.872623,-40.8752658
Montanhas do Espírito Santo (Denominação de Origem),Domingos Martins,ES,-20.3625703,-40.6582081
Montanhas do Espírito Santo (Denominação de Origem),Alfredo Chaves,ES,-20.6351751,-40.7500283
Montanhas do Espírito Santo (Denominação de Origem),Conceição do Castelo,ES,-20.3601296,-41.2484912
Montanhas do Espírito Santo (Denominação de Origem),Iconha,ES,-20.7942655,-40.81169939999999
Montanhas do Espírito Santo (Denominação de Origem),Itaguaçu,ES,-19.8035325,-40.8572284
Montanhas do Espírito Santo (Denominação de Origem),Rio Novo do Sul,ES,-20.8634051,-40.93174380000001
Montanhas do Espírito Santo (Denominação de Origem),Afonso Cláudio,ES,-20.0795654,-41.1225256
Montanhas do Espírito Santo (Denominação de Origem),Brejetuba,ES,-20.149507,-41.2922431
Montanhas do Espírito Santo (Denominação de Origem),Castelo,ES,-20.6037462,-41.203524
Montanhas do Espírito Santo (Denominação de Origem),Vargem Alta,ES,-20.6733748,-41.0104782
Montanhas do Espírito Santo (Denominação de Origem),Santa Teresa,ES,-19.9320354,-40.5999111
Montanhas do Espírito Santo (Denominação de Origem),Santa Leopoldina,ES,-20.1005312,-40.5279243
Montanhas do Espírito Santo (Denominação de Origem),Santa Maria de Jetibá,ES,-20.0260669,-40.74365969999999
Conilon Capixaba,Governador Lindenberg,ES,-19.2517153,-40.4626927
Conilon Capixaba,Jaguaré,ES,-18.9057387,-40.0751547
Conilon Capixaba,Linhares,ES,-19.3990502,-40.0653505
Conilon Capixaba,Nova Venécia,ES,-18.7084389,-40.3955053
Conilon Capixaba,Pinheiros,ES,-18.4124203,-40.214411
Conilon Capixaba,Rio Bananal,ES,-19.2661489,-40.3335374
Conilon Capixaba,São Gabriel da Palha,ES,-19.0182613,-40.5372213
Conilon Capixaba,Colatina,ES,-19.5368995,-40.6307885
Conilon Capixaba,São Mateus,ES,-18.7166078,-39.8558749
Conilon Capixaba,Sooretama,ES,-19.1902525,-40.0977256
Conilon Capixaba,Vila Valério,ES,-18.9978908,-40.3899358
Norte Pioneiro do Paraná (Indicação de Procedência),Congonhinhas,PR,-23.5509643,-50.552872
Norte Pioneiro do Paraná (Indicação de Procedência),Itambaracá,PR,-22.9911548,-50.4101474
Norte Pioneiro do Paraná (Indicação de Procedência),Nova Santa Bárbara,PR,-23.5885238,-50.7623968
Norte Pioneiro do Paraná (Indicação de Procedência),Santa Mariana,PR,-23.1477783,-50.5172135
Norte Pioneiro do Paraná (Indicação de Procedência),Sapopema,PR,-23.9096028,-50.5792516
Norte Pioneiro do Paraná (Indicação de Procedência),Andirá,PR,-23.0471378,-50.2352618
Norte Pioneiro do Paraná (Indicação de Procedência),Conselheiro Mairinck,PR,-23.623576,-50.1699442
Norte Pioneiro do Paraná (Indicação de Procedência),Ibaiti,PR,-23.8450301,-50.1881356
Norte Pioneiro do Paraná (Indicação de Procedência),Joaquim Távora,PR,-23.4987508,-49.925785
Norte Pioneiro do Paraná (Indicação de Procedência),Ribeirão Claro,PR,-23.1983583,-49.7573409
Norte Pioneiro do Paraná (Indicação de Procedência),Santo Antônio da Platina,PR,-23.2939509,-50.0774019
Norte Pioneiro do Paraná (Indicação de Procedência),Wenceslau Braz,PR,-23.8764132,-49.80384369999999
Norte Pioneiro do Paraná (Indicação de Procedência),Assaí,PR,-23.3779252,-50.8430606
Norte Pioneiro do Paraná (Indicação de Procedência),Leópolis,PR,-23.0811302,-50.7530709
Norte Pioneiro do Paraná (Indicação de Procedência),Rancho Alegre,PR,-23.0688757,-50.913533
Norte Pioneiro do Paraná (Indicação de Procedência),Santo Antônio do Paraíso,PR,-23.4947693,-50.6466712
Norte Pioneiro do Paraná (Indicação de Procedência),Sertaneja,PR,-23.0379701,-50.8170661
Norte Pioneiro do Paraná (Indicação de Procedência),Barra do Jacaré,PR,-23.1157719,-50.1842795
Norte Pioneiro do Paraná (Indicação de Procedência),Curiúva,PR,-24.0346267,-50.45811130000001
Norte Pioneiro do Paraná (Indicação de Procedência),Jaboti,PR,-23.7437732,-50.0747036
Norte Pioneiro do Paraná (Indicação de Procedência),Jundiaí do Sul,PR,-23.437235,-50.248045
Norte Pioneiro do Paraná (Indicação de Procedência),Ribeirão do Pinhal,PR,-23.4082942,-50.3591132
Norte Pioneiro do Paraná (Indicação de Procedência),São José da Boa Vista,PR,-23.9176249,-49.6530396
Norte Pioneiro do Paraná (Indicação de Procedência),Bandeirantes,PR,-23.1087262,-50.3675124
Norte Pioneiro do Paraná (Indicação de Procedência),Nova América da Colina,PR,-23.3317234,-50.7176404
Norte Pioneiro do Paraná (Indicação de Procedência),Santa Amélia,PR,-23.2668509,-50.4282198
Norte Pioneiro do Paraná (Indicação de Procedência),São Jerônimo da Serra,PR,-23.7216969,-50.7385556
Norte Pioneiro do Paraná (Indicação de Procedência),Uraí,PR,-23.2014167,-50.7934862
Norte Pioneiro do Paraná (Indicação de Procedência),Cambará,PR,-23.0418114,-50.07368899999999
Norte Pioneiro do Paraná (Indicação de Procedência),Figueira,PR,-23.849991,-50.40480849999999
Norte Pioneiro do Paraná (Indicação de Procedência),Jacarezinho,PR,-23.1593295,-49.9717654
Norte Pioneiro do Paraná (Indicação de Procedência),Pinhalão,PR,-23.7888044,-50.0577815
Norte Pioneiro do Paraná (Indicação de Procedência),Salto do Itararé,PR,-23.6023756,-49.6280284
Norte Pioneiro do Paraná (Indicação de Procedência),Siqueira Campos,PR,-23.6888816,-49.8313335
Norte Pioneiro do Paraná (Indicação de Procedência),Cornélio Procópio,PR,-23.1853407,-50.648509
Norte Pioneiro do Paraná (Indicação de Procedência),Nova Fátima,PR,-23.4332051,-50.5633762
Norte Pioneiro do Paraná (Indicação de Procedência),Santa Cecília do Pavão,PR,-23.5158573,-50.78292339999999
Norte Pioneiro do Paraná (Indicação de Procedência),São Sebastião da Amoreira,PR,-23.4651029,-50.7608463
Norte Pioneiro do Paraná (Indicação de Procedência),Abatiá,PR,-23.3000704,-50.3134916
Norte Pioneiro do Paraná (Indicação de Procedência),Carlópolis,PR,-23.4284914,-49.7208716
Norte Pioneiro do Paraná (Indicação de Procedência),Guapirama,PR,-23.5161354,-50.0426508
Norte Pioneiro do Paraná (Indicação de Procedência),Japira,PR,-23.8098661,-50.1397963
Norte Pioneiro do Paraná (Indicação de Procedência),Quatiguá,PR,-23.5706913,-49.9132431
Norte Pioneiro do Paraná (Indicação de Procedência),Santana do Itararé,PR,-23.7583814,-49.6297974
Norte Pioneiro do Paraná (Indicação de Procedência),Tomazina,PR,-23.7793053,-49.954033
Paraná,Altamira do Paraná,PR,-24.8000065,-52.7108965
Paraná,Paranacity,PR,-22.9322422,-52.1526254
Paraná,São João do Caiuá,PR,-22.8548886,-52.3380625
Paraná,Bela Vista do Paraíso,PR,-22.9955628,-51.1922743
Paraná,Cidade Gaúcha,PR,-23.3809033,-52.943303
Paraná,Formosa do Oeste,PR,-24.2965219,-53.3125426
Paraná,Ivaté,PR,-23.4087411,-53.3698432
Paraná,Lunardelli,PR,-24.0802016,-51.7445061
Paraná,Nova Aurora,PR,-24.5298725,-53.2549432
Paraná,Rio Branco do Ivaí,PR,-24.3199308,-51.315473
Paraná,Tuneiras do Oeste,PR,-23.8708387,-52.8761599
Paraná,Alto Paraíso,PR,-23.5080188,-53.72714939999999
Paraná,Paranavaí,PR,-23.0818946,-52.4624412
Paraná,São João do Ivaí,PR,-23.9916476,-51.8194072
Paraná,Boa Esperança,PR,-24.2416022,-52.7889176
Paraná,Colorado,PR,-22.8381975,-51.9726688
Paraná,Guaporema,PR,-23.3413271,-52.7777361
Paraná,Ivatuba,PR,-23.6185125,-52.21741910000001
Paraná,Lupionópolis,PR,-22.7555088,-51.66055979999999
Paraná,Nova Esperança,PR,-23.1893414,-52.2003341
Paraná,Rolândia,PR,-23.3098237,-51.3608473
Paraná,Ubiratã,PR,-24.5427545,-52.9899758
Paraná,Alto Paraná,PR,-23.1315174,-52.32024
Paraná,Peabiru,PR,-23.9150011,-52.3452448
Paraná,São Jorge do Ivaí,PR,-23.4324037,-52.2929459
Paraná,Boa Vista da Aparecida,PR,-25.4338346,-53.4074672
Paraná,Corbélia,PR,-24.7968776,-53.2950198
Paraná,Guaraci,PR,-22.9667126,-51.6466996
Paraná,Jaguapitã,PR,-23.1093238,-51.5338731
Paraná,Mamborê,PR,-24.3106396,-52.5293706
Paraná,Nova Londrina,PR,-22.7634241,-52.9922131
Paraná,Roncador,PR,-24.5963663,-52.27399759999999
Paraná,Umuarama,PR,-23.7627286,-53.3119989
Paraná,Altônia,PR,-23.8728458,-53.8939223
Paraná,Perobal,PR,-23.896725,-53.4113533
Paraná,São Jorge do Patrocínio,PR,-23.7625499,-53.8807758
Paraná,Bom Sucesso,PR,-23.7106001,-51.7653623
Paraná,Corumbataí do Sul,PR,-24.0986129,-52.1208727
Paraná,Ibiporã,PR,-23.2693412,-51.048006
Paraná,Jandaia do Sul,PR,-23.6009418,-51.6422466
Paraná,Mandaguaçu,PR,-23.3461253,-52.0955078
Paraná,Nova Olímpia,PR,-23.4707781,-53.0905454
Paraná,Rondon,PR,-23.4162737,-52.7718498
Paraná,Uniflor,PR,-23.0852531,-52.1584423
Paraná,Alvorada do Sul,PR,-22.7802846,-51.232219
Paraná,Pérola,PR,-23.8040493,-53.6872406
Paraná,São José das Palmeiras,PR,-24.8355023,-54.0639088
Paraná,Borrazópolis,PR,-23.9399395,-51.5842237
Paraná,Cruzeiro do Oeste,PR,-23.7835985,-53.0757931
Paraná,Icaraíma,PR,-23.3949096,-53.6253934
Paraná,Janiópolis,PR,-24.1415537,-52.7762208
Paraná,Mandaguari,PR,-23.5282979,-51.67107439999999
Paraná,Nova Tebas,PR,-24.4379528,-51.9477938
Paraná,São Manoel do Paraná,PR,-23.3954231,-52.6449469
Paraná,Vera Cruz do Oeste,PR,-25.0573431,-53.87961749999999
Paraná,Amaporã,PR,-23.092495,-52.7900366
Paraná,Pitangueiras,PR,-23.2340437,-51.5853849
Paraná,Terra Boa,PR,-23.7658108,-52.4466113
Paraná,Braganey,PR,-24.81621,-53.1192655
Paraná,Cruzmaltina,PR,-23.9918948,-51.4446034
Paraná,Iguaraçu,PR,-23.1964442,-51.8245477
Paraná,Japurá,PR,-23.470689,-52.5550034
Paraná,Maria Helena,PR,-23.6207804,-53.2065873
Paraná,Planaltina do Paraná,PR,-23.0224606,-52.9181483
Paraná,São Miguel do Iguaçu,PR,-25.3450718,-54.23861669999999
Paraná,Xambrê,PR,-23.7309899,-53.4901742
Paraná,Francisco Alves,PR,-24.0702783,-53.8449535
Paraná,Sabáudia,PR,-23.3190277,-51.5544529
Paraná,Anahy,PR,-24.6453413,-53.1337375
Paraná,Cafeara,PR,-22.7893531,-51.7136586
Paraná,Diamante do Norte,PR,-22.657229,-52.8611436
Paraná,Iguatu,PR,-24.7168215,-53.0872038
Paraná,Jardim Alegre,PR,-24.179855,-51.6905502
Paraná,Marialva,PR,-23.4856611,-51.7935562
Paraná,Porecatu,PR,-22.7511155,-51.3805388
Paraná,São Pedro do Ivaí,PR,-23.8672702,-51.8570929
Paraná,Godoy Moreira,PR,-24.1935281,-51.9236626
Paraná,Santa Cruz de Monte Castelo,PR,-22.9587049,-53.2946154
Paraná,Ângulo,PR,-23.1951745,-51.9167675
Paraná,Cafezal do Sul,PR,-23.903864,-53.5147985
Paraná,Diamante d`Oeste,PR,-24.9448148,-54.1038569
Paraná,Inajá,PR,-22.7524593,-52.1982719
Paraná,Jardim Olinda,PR,-22.5519636,-52.037305
Paraná,Marilândia do Sul,PR,-23.7463292,-51.3069547
Paraná,Porto Rico,PR,-22.7713169,-53.26850899999999
Paraná,São Pedro do Paraná,PR,-22.8246301,-53.221275
Paraná,Goioerê,PR,-24.1860319,-53.0275633
Paraná,Santa Fé,PR,-23.0416319,-51.8080329
Paraná,Apucarana,PR,-23.5525322,-51.4638893
Paraná,Califórnia,PR,-23.66816,-51.3585578
Paraná,Douradina,PR,-23.383806,-53.2931301
Paraná,Indianópolis,PR,-23.4800679,-52.6985093
Paraná,Jesuítas,PR,-24.3794566,-53.383826
Paraná,Mariluz,PR,-24.0074176,-53.1479115
Paraná,Prado Ferreira,PR,-23.0419867,-51.44377950000001
Paraná,São Tomé,PR,-23.5354722,-52.5888548
Paraná,Grandes Rios,PR,-24.1449805,-51.5062952
Paraná,Santa Inês,PR,-22.6407689,-51.9027284
Paraná,Arapongas,PR,-23.4043923,-51.4458913
Paraná,Cambé,PR,-23.2780418,-51.2810444
Paraná,Doutor Camargo,PR,-23.5578332,-52.21893859999999
Paraná,Iporã,PR,-24.0022976,-53.7085632
Paraná,Jussara,PR,-23.6201364,-52.4716288
Paraná,Maringá,PR,-23.4209995,-51.9330558
Paraná,Presidente Castelo Branco,PR,-23.2789112,-52.15523169999999
Paraná,Sarandi,PR,-23.443229,-51.8745045
Paraná,Guairaçá,PR,-25.157561,-51.3311637
Paraná,Santa Isabel do Ivaí,PR,-23.0017073,-53.1969015
Paraná,Arapoti,PR,-24.1445773,-49.8245183
Paraná,Cambira,PR,-23.6011166,-51.58046770000001
Paraná,Engenheiro Beltrão,PR,-23.800049,-52.2588522
Paraná,Iracema do Oeste,PR,-24.4310524,-53.3567098
Paraná,Kaloré,PR,-23.824225,-51.6675544
Paraná,Marumbi,PR,-23.7082231,-51.6391637
Paraná,Primeiro de Maio,PR,-22.8497137,-51.0255737
Paraná,Sertanópolis,PR,-23.0574883,-51.0379504
Paraná,Novo Itacolomi,PR,-23.7616963,-51.5063645
Paraná,Santa Mônica,PR,-23.1092003,-53.1102176
Paraná,Arapuã,PR,-24.3063759,-51.7886001
Paraná,Campina da Lagoa,PR,-24.5933227,-52.8040728
Paraná,Farol,PR,-24.0943569,-52.6227329
Paraná,Iretama,PR,-24.4208236,-52.1040202
Paraná,Lidianópolis,PR,-24.106839,-51.6545088
Paraná,Mirador,PR,-23.2555202,-52.7765982
Paraná,Quarto Centenário,PR,-24.2791569,-53.0774195
Paraná,Tamarana,PR,-23.7229261,-51.0943048
Paraná,Ortigueira,PR,-24.2099688,-50.9263297
Paraná,Santa Tereza do Oeste,PR,-25.0559159,-53.621933
Paraná,Araruna,PR,-23.9293144,-52.4967167
Paraná,Campo Mourão,PR,-24.0437988,-52.3810674
Paraná,Fênix,PR,-23.9174969,-51.9816474
Paraná,Itaguajé,PR,-22.6178964,-51.96692909999999
Paraná,Lindoeste,PR,-25.2603333,-53.5760121
Paraná,Miraselva,PR,-22.9675844,-51.4848278
Paraná,Querência do Norte,PR,-23.0839648,-53.4843859
Paraná,Tamboara,PR,-23.1988878,-52.4993997
Paraná,Ourizona,PR,-23.4053545,-52.1972619
Paraná,Santa Terezinha de Itaipu,PR,-25.4379082,-54.4002871
Paraná,Ariranha do Ivaí,PR,-24.3841395,-51.58788999999999
Paraná,Cândido de Abreu,PR,-24.5710796,-51.34239119999999
Paraná,Floraí,PR,-23.3206717,-52.3013861
Paraná,Itaipulândia,PR,-25.1375358,-54.30265559999999
Paraná,Loanda,PR,-22.9313966,-53.13534509999999
Paraná,Moreira Sales,PR,-24.0494247,-53.0099516
Paraná,Quinta do Sol,PR,-23.8495745,-52.13296649999999
Paraná,Tapejara,PR,-23.7335535,-52.8710205
Paraná,Ouro Verde do Oeste,PR,-24.7740823,-53.9023748
Paraná,Santo Antônio do Caiuá,PR,-22.7367847,-52.3449112
Paraná,Assis Chateaubriand,PR,-24.4066881,-53.5142422
Paraná,Centenário do Sul,PR,-22.8206794,-51.5967259
Paraná,Floresta,PR,-23.612823,-52.0798753
Paraná,Itambé,PR,-23.6595104,-51.9903274
Paraná,Lobato,PR,-23.0082549,-51.95227449999999
Paraná,Munhoz de Melo,PR,-23.1463883,-51.7710675
Paraná,Ramilândia,PR,-25.1193007,-54.0291177
Paraná,Tapira,PR,-23.3244551,-53.0707129
Paraná,Paiçandu,PR,-23.4554707,-52.0423373
Paraná,Santo Inácio,PR,-22.6972322,-51.79162950000001
Paraná,Atalaia,PR,-23.15176,-52.0540068
Paraná,Céu Azul,PR,-25.1483411,-53.8483803
Paraná,Florestópolis,PR,-22.8665923,-51.3907365
Paraná,Itaúna do Sul,PR,-22.7301911,-52.8850521
Paraná,Londrina,PR,-23.3197305,-51.1662008
Paraná,Nossa Senhora das Graças,PR,-22.9141993,-51.7964797
Paraná,Rancho Alegre d`Oeste,PR,-24.3063668,-52.9572644
Paraná,Terra Rica,PR,-22.7265933,-52.6202075
Paraná,Paraíso do Norte,PR,-23.2849083,-52.6022493
Paraná,São Carlos do Ivaí,PR,-23.3176195,-52.4740338
Paraná,Barbosa Ferraz,PR,-24.0279322,-52.0138185
Paraná,Cianorte,PR,-23.6569437,-52.6065512
Paraná,Flórida,PR,-23.0860946,-51.9548989
Paraná,Ivaiporã,PR,-24.243603,-51.67372049999999
Paraná,Luiziana,PR,-24.280791,-52.2790003
Paraná,Nova Aliança do Ivaí,PR,-23.1758817,-52.6033539
Paraná,Rio Bom,PR,-23.7614697,-51.4122437
Paraná,Terra Roxa,PR,-24.164548,-54.0967139
Rondônia,Alto Paraíso,RO,-9.7205133,-63.3188037
Rondônia,Cabixi,RO,-13.494663,-60.54252929999999
Rondônia,Candeias do Jamari,RO,-8.7958117,-63.70041519999999
Rondônia,Colorado do Oeste,RO,-13.1209832,-60.54500760000001
Rondônia,Cujubim,RO,-9.3689197,-62.5830424
Rondônia,Itapuã do Oeste,RO,-9.1886098,-63.1856654
Rondônia,Machadinho d`Oeste,RO,-9.425199600000001,-62.00246509999999
Rondônia,Nova Mamoré,RO,-10.4106678,-65.3305618
Rondônia,Parecis,RO,-12.1817046,-61.6042879
Rondônia,Presidente Médici,RO,-11.1691469,-61.901666
Rondônia,Teixeirópolis,RO,-10.9327023,-62.2546668
Rondônia,Vale do Anari,RO,-9.8596408,-62.1748035
Rondônia,Ariquemes,RO,-9.903959,-63.0346209
Rondônia,Cacaulândia,RO,-10.3419313,-62.9000387
Rondônia,Cerejeiras,RO,-13.1890003,-60.8208062
Rondônia,Corumbiara,RO,-12.9985505,-60.9460336
Rondônia,Governador Jorge Teixeira,RO,-10.6121928,-62.73313
Rondônia,Jaru,RO,-10.4283629,-62.4736737
Rondônia,Mirante da Serra,RO,-11.0305399,-62.6729871
Rondônia,Nova União,RO,-10.9151371,-62.55705469999999
Rondônia,Pimenta Bueno,RO,-11.6774569,-61.17875890000001
Rondônia,Rio Crespo,RO,-9.7055092,-62.8997735
Rondônia,Theobroma,RO,-10.2428057,-62.3518959
Rondônia,Vale do Paraíso,RO,-10.4274006,-62.1297651
Rondônia,Buritis,RO,-10.2124089,-63.8278026
Rondônia,Campo Novo de Rondônia,RO,-10.5701976,-63.6189426
Rondônia,Chupinguaia,RO,-12.5551511,-60.9022959
Rondônia,Costa Marques,RO,-12.4357197,-64.2294518
Rondônia,Guajará-Mirim,RO,-10.7870836,-65.34086909999999
Rondônia,Ji-Paraná,RO,-10.8724473,-61.95928869999999
Rondônia,Monte Negro,RO,-10.2604467,-63.2979313
Rondônia,Ouro Preto do Oeste,RO,-10.7209164,-62.2559803
Rondônia,Porto Velho,RO,-8.7635475,-63.89717229999999
Rondônia,São Francisco do Guaporé,RO,-12.0600752,-63.56918580000001
Rondônia,Urupá,RO,-11.1243087,-62.36357229999999
Rondônia,Vilhena,RO,-12.7384594,-60.1221512
Matas de Rondônia,Alta Floresta d`Oeste,RO,-11.9291869,-61.9942423
Matas de Rondônia,Alto Alegre dos Parecis,RO,-12.1326079,-61.8566786
Matas de Rondônia,Alvorada d`Oeste,RO,-11.3480881,-62.2877701
Matas de Rondônia,Cacoal,RO,-11.4319111,-61.45485389999999
Matas de Rondônia,Castanheiras,RO,-11.4267577,-61.9489617
Matas de Rondônia,Espigão d`Oeste,RO,-11.5257245,-61.0116257
Matas de Rondônia,Ministro Andreazza,RO,-11.1977198,-61.51713700000001
Matas de Rondônia,Nova Brasilândia d`Oeste,RO,-11.7259392,-62.3116194
Matas de Rondônia,Novo Horizonte do Oeste,RO,-11.70721,-61.99830300000001
Matas de Rondônia,Primavera de Rondônia,RO,-11.8302007,-61.3192601
Matas de Rondônia,Rolim de Moura,RO,-11.7256983,-61.77814089999999
Matas de Rondônia,Santa Luzia d`Oeste,RO,-11.9064444,-61.77972860000001
Matas de Rondônia,São Felipe d`Oeste,RO,-11.9063586,-61.51365779999999
Matas de Rondônia,São Miguel do Guaporé,RO,-11.6938859,-62.71452879999999
Matas de Rondônia,Seringueiras,RO,-11.7654743,-63.03144419999999
Noroeste/Norte do Rio de Janeiro,Bom Jesus do Itabapoana,RJ,-21.1362798,-41.677214
Noroeste/Norte do Rio de Janeiro,Cambuci,RJ,-21.576272,-41.9133257
Noroeste/Norte do Rio de Janeiro,Campos dos Goytacazes,RJ,-21.7614561,-41.3167841
Noroeste/Norte do Rio de Janeiro,Conceição de Macabu,RJ,-22.0840556,-41.8672737
Noroeste/Norte do Rio de Janeiro,Laje do Muriaé,RJ,-21.2091698,-42.1187769
Noroeste/Norte do Rio de Janeiro,Miracema,RJ,-21.4164739,-42.2022675
Noroeste/Norte do Rio de Janeiro,Natividade,RJ,-21.0428211,-41.9754987
Noroeste/Norte do Rio de Janeiro,Porciúncula,RJ,-20.9628736,-42.0423018
Noroeste/Norte do Rio de Janeiro,São Fidélis,RJ,-21.6466496,-41.7489608
Noroeste/Norte do Rio de Janeiro,Varre-Sai,RJ,-20.9279166,-41.8689671
Noroeste/Norte do Rio de Janeiro,Itaperuna,RJ,-21.2037367,-41.8912637
Serrana do Rio de Janeiro,Bom Jardim,RJ,-22.1631595,-42.4257923
Serrana do Rio de Janeiro,Carmo,RJ,-21.9314728,-42.6076037
Serrana do Rio de Janeiro,Petrópolis,RJ,-22.5112498,-43.1779306
Serrana do Rio de Janeiro,Teresópolis,RJ,-22.4161561,-42.9720399
Serrana do Rio de Janeiro,Cantagalo,RJ,-21.9809133,-42.36471
Serrana do Rio de Janeiro,Cordeiro,RJ,-22.027485,-42.3618427
Serrana do Rio de Janeiro,Duas Barras,RJ,-22.0541613,-42.5236112
Serrana do Rio de Janeiro,Santa Maria Madalena,RJ,-21.9559478,-42.0090708
Serrana do Rio de Janeiro,São José do Vale do Rio Preto,RJ,-22.1892749,-42.9859817
Serrana do Rio de Janeiro,Sumidouro,RJ,-22.0507519,-42.6765919
Serrana do Rio de Janeiro,Trajano de Moraes,RJ,-22.0640027,-42.0601711
Sul do Rio de Janeiro,Areal,RJ,-22.2319253,-43.11415969999999
Sul do Rio de Janeiro,Barra do Piraí,RJ,-22.4690012,-43.8253464
Sul do Rio de Janeiro,Miguel Pereira,RJ,-22.4549559,-43.4705587
Sul do Rio de Janeiro,Vassouras,RJ,-22.4076507,-43.6612124
Sul do Rio de Janeiro,Paraíba do Sul,RJ,-22.1592924,-43.2901683
Sul do Rio de Janeiro,Sapucaia,RJ,-21.994667,-42.9140039
Sul do Rio de Janeiro,Três Rios,RJ,-22.1151109,-43.208747
Sul do Rio de Janeiro,Valença,RJ,-22.2449114,-43.7022996
Ceará,Abaiara,CE,-7.346905,-39.0323552
Ceará,Aratuba,CE,-4.4194845,-39.0463956
Ceará,Ubajara,CE,-3.8532113,-40.9195926
Ceará,Viçosa do Ceará,CE,-3.5679239,-41.0896531
Ceará,Capistrano,CE,-4.466618,-38.9002404
Ceará,Croatá,CE,-4.4164058,-40.9072688
Ceará,Guaraciaba do Norte,CE,-4.1632566,-40.7504029
Ceará,Ibiapina,CE,-3.9209609,-40.8891607
Ceará,Ipueiras,CE,-4.5424805,-40.7172817
Ceará,Itapipoca,CE,-3.4947131,-39.5803861
Ceará,Meruoca,CE,-3.5414855,-40.454345
Ceará,Pacatuba,CE,-3.918004,-38.603557
Ceará,Porteiras,CE,-7.534395200000001,-39.11688609999999
Ceará,Reriutaba,CE,-4.1431403,-40.5815662
Ceará,Alcântaras,CE,-3.5868372,-40.5454988
Ceará,Tianguá,CE,-3.730929199999999,-40.9927503
Ceará,Uruburetama,CE,-3.6210883,-39.50815120000001
Ceará,Baturité,CE,-4.3313286,-38.8789563
Ceará,Carnaubal,CE,-4.162546799999999,-40.9414761
Ceará,Graça,CE,-4.0467078,-40.7526274
Ceará,Guaramiranga,CE,-4.2618162,-38.9330716
Ceará,Ipu,CE,-4.3220187,-40.7092475
Ceará,Itapajé,CE,-3.6844551,-39.58637239999999
Ceará,Massapê,CE,-3.526268,-40.3421014
Ceará,Mulungu,CE,-4.3037643,-38.9947042
Ceará,Palmácia,CE,-4.1477909,-38.84605639999999
Ceará,Redenção,CE,-4.2238817,-38.7302215
Ceará,São Benedito,CE,-4.0449071,-40.8651372
Goiás,Ipameri,GO,-17.7199562,-48.1591052
Goiás,Catalão,GO,-18.1660958,-47.9444845
Goiás,Cabeceiras,GO,-15.8041148,-46.92822899999999
Goiás,Niquelândia,GO,-14.4710658,-48.4601862
Goiás,Planaltina,GO,-15.4536994,-47.608917
Goiás,Montividiu,GO,-17.4465584,-51.1720161
Goiás,Gameleira de Goiás,GO,-16.4854966,-48.6453981
Goiás,Paraúna,GO,-16.9504597,-50.4466297
Goiás,Anicuns,GO,-16.4612113,-49.9615772
Goiás,Piracanjuba,GO,-17.3050562,-49.0205285
Goiás,Hidrolândia,GO,-16.9657527,-49.231423
Goiás,Campo Alegre de Goiás,GO,-17.6363136,-47.77481
Goiás,Água Fria de Goiás,GO,-14.9829676,-47.7822993
Goiás,Cristalina,GO,-16.7639015,-47.6085589
Goiás,São João d`Aliança,GO,-14.7071745,-47.5221432
Goiás,Rio Verde,GO,-17.7896277,-50.9204571
Goiás,Goiânia,GO,-16.6868912,-49.2647943
Goiás,Goianira,GO,-16.5063728,-49.4223375
Goiás,Mineiros,GO,-17.5635333,-52.552764
Goiás,Trindade,GO,-16.649254,-49.4950175
Goiás,Caiapônia,GO,-16.9540643,-51.8100394
Pernambuco,Taquaritinga do Norte,PE,-7.8996912,-36.0486539
Pernambuco,Paranatama,PE,-8.9191712,-36.6552361
Pernambuco,Saloá,PE,-8.9759346,-36.6911202
Pernambuco,Vertentes,PE,-7.905232499999999,-35.9882681
Pernambuco,Garanhuns,PE,-8.8908798,-36.4964777
Pernambuco,Bom Conselho,PE,-9.1698778,-36.6804792
Pernambuco,Correntes,PE,-9.1288012,-36.3280396
Pernambuco,São João,PE,-8.8752206,-36.3661891
Pernambuco,Moreilândia,PE,-7.6254302,-39.5524136
Pernambuco,Angelim,PE,-8.8897351,-36.2851273
Pernambuco,Brejão,PE,-9.0297885,-36.5664391
Pernambuco,São Joaquim do Monte,PE,-8.430864099999999,-35.8109374
Pernambuco,Triunfo,PE,-7.8357629,-38.1042362
Pernambuco,Exu,PE,-7.5134865,-39.7233156
Pernambuco,Gravatá,PE,-8.204659,-35.5706307
Pernambuco,Terezinha,PE,-9.056314600000002,-36.6247659
Pernambuco,Panelas,PE,-8.663278799999999,-36.0056997
Pernambuco,Canhotinho,PE,-8.8814424,-36.1923642
Pernambuco,Caetés,PE,-8.7757145,-36.6241038
Pernambuco,Santa Cruz da Baixa Verde,PE,-7.8202053,-38.1517387
Planalto Central,Brasília,DF,-15.7975154,-47.89188739999999
Caparaó (Denominação de Origem),Dores do Rio Preto,ES,-20.6886198,-41.8475777
Caparaó (Denominação de Origem),São José do Calçado,ES,-21.0291802,-41.65513259999999
Caparaó (Denominação de Origem),Divino de São Lourenço,ES,-20.6191816,-41.6849009
Caparaó (Denominação de Origem),Guaçuí,ES,-20.7697279,-41.6722965
Caparaó (Denominação de Origem),Alegre,ES,-20.7626116,-41.5315855
Caparaó (Denominação de Origem),Alto Jequitibá,MG,-20.4268442,-41.9646005
Caparaó (Denominação de Origem),Alto Caparaó,MG,-20.4478803,-41.8740536
Caparaó (Denominação de Origem),Caparaó,MG,-20.5241496,-41.906003
Caparaó (Denominação de Origem),Espera Feliz,MG,-20.651375,-41.9086311
Caparaó (Denominação de Origem),Manhumirim,MG,-20.3505696,-41.9574982
Caparaó (Denominação de Origem),Martins Soares,MG,-20.2539212,-41.8762694
Caparaó (Denominação de Origem),Muniz Freire,ES,-20.4638806,-41.4135345
Caparaó (Denominação de Origem),Ibitirama,ES,-20.538188,-41.6649425
Caparaó (Denominação de Origem),Iúna,ES,-20.3527854,-41.5327791
Caparaó (Denominação de Origem),Irupi,ES,-20.3441105,-41.6415903
Caparaó (Denominação de Origem),Ibatiba,ES,-20.2349041,-41.5107931
Acre,Acrelândia,AC,-10.0764496,-67.0586404
Acre,Brasiléia,AC,-11.0137555,-68.7453759
Acre,Manoel Urbano,AC,-8.837898299999999,-69.2619624
Acre,Senador Guiomard,AC,-10.1527174,-67.7385254
Acre,Feijó,AC,-8.1674305,-70.3574386
Acre,Plácido de Castro,AC,-10.3308636,-67.1867923
Acre,Rio Branco,AC,-9.9740249,-67.8098191
Acre,Assis Brasil,AC,-10.9319154,-69.55889189999999
Acre,Epitaciolândia,AC,-11.0293664,-68.740899
Acre,Sena Madureira,AC,-9.0685107,-68.6546037
Acre,Porto Acre,AC,-9.5936351,-67.54108959999999
Acre,Capixaba,AC,-10.5758756,-67.6776569
Acre,Xapuri,AC,-10.6527544,-68.50375939999999
Mato Grosso,Alta Floresta,MT,-9.868177,-56.0835241
Mato Grosso,Aripuanã,MT,-10.1758814,-59.45239849999999
Mato Grosso,Carlinda,MT,-9.9667509,-55.82328949999999
Mato Grosso,Castanheira,MT,-11.1390217,-58.61331990000001
Mato Grosso,Colniza,MT,-9.4623242,-59.22443829999999
Mato Grosso,Comodoro,MT,-13.6598794,-59.78972719999999
Mato Grosso,Cotriguaçu,MT,-9.9030759,-58.5657137
Mato Grosso,Juína,MT,-11.4228531,-58.7571778
Mato Grosso,Juruena,MT,-10.3280971,-58.4943453
Mato Grosso,Nova Bandeirantes,MT,-9.8498725,-57.8141548
Mato Grosso,Nova Lacerda,MT,-14.4750533,-59.58758069999999
Mato Grosso,Paranaíta,MT,-9.6664274,-56.4734827
Mato Grosso,Rondolândia,MT,-10.8422109,-61.46081109999999
Mato Grosso,Santo Antônio do Leverger,MT,-15.8637741,-56.0793735
Mato Grosso,Tangará da Serra,MT,-14.6197344,-57.4875157
Mato Grosso,Nova Monte verde,MT,-9.957130699999999,-57.1915504
