Região,Município,UF
Sul de Minas,Aiuruoca,MG
Sul de Minas,Tapiraí,MG
Sul de Minas,Cabo Verde,MG
Sul de Minas,Contagem,MG
Sul de Minas,Estiva,MG
Sul de Minas,Itaguara,MG
Sul de Minas,Liberdade,MG
Sul de Minas,Passa Quatro,MG
Sul de Minas,Rio Manso,MG
Sul de Minas,Sapucaí-Mirim,MG
Sul de Minas,São Sebastião do Paraíso,MG
Sul de Minas,Aguanil,MG
Sul de Minas,Arceburgo,MG
Sul de Minas,Caldas,MG
Sul de Minas,Coqueiral,MG
Sul de Minas,Extrema,MG
Sul de Minas,Itajubá,MG
Sul de Minas,Luminárias,MG
Sul de Minas,Passa Tempo,MG
Sul de Minas,Santa Cruz de Minas,MG
Sul de Minas,Sarzedo,MG
Sul de Minas,Belo Vale,MG
Sul de Minas,Alagoa,MG
Sul de Minas,Camanducaia,MG
Sul de Minas,Cordislândia,MG
Sul de Minas,Fama,MG
Sul de Minas,Itamonte,MG
Sul de Minas,Machado,MG
Sul de Minas,Passa-Vinte,MG
Sul de Minas,Santa Rita de Caldas,MG
Sul de Minas,Senador Amaral,MG
Sul de Minas,Betim,MG
Sul de Minas,Albertina,MG
Sul de Minas,Cambuí,MG
Sul de Minas,Coronel Xavier Chaves,MG
Sul de Minas,Florestal,MG
Sul de Minas,Itanhandu,MG
Sul de Minas,Madre de Deus de Minas,MG
Sul de Minas,Passos,MG
Sul de Minas,Santa Rita de Jacutinga,MG
Sul de Minas,Senador José Bento,MG
Sul de Minas,Boa Esperança,MG
Sul de Minas,Alfenas,MG
Sul de Minas,Campestre,MG
Sul de Minas,Córrego do Bom Jesus,MG
Sul de Minas,Formiga,MG
Sul de Minas,Itapecerica,MG
Sul de Minas,Mateus Leme,MG
Sul de Minas,Pedra do Indaiá,MG
Sul de Minas,Santana da Vargem,MG
Sul de Minas,Seritinga,MG
Sul de Minas,Bocaina de Minas,MG
Sul de Minas,Alpinópolis,MG
Sul de Minas,Campo do Meio,MG
Sul de Minas,Córrego Fundo,MG
Sul de Minas,Fortaleza de Minas,MG
Sul de Minas,Itapeva,MG
Sul de Minas,Matozinhos,MG
Sul de Minas,Pedro Leopoldo,MG
Sul de Minas,Santana do Garambéu,MG
Sul de Minas,Serrania,MG
Sul de Minas,Bom Jesus da Penha,MG
Sul de Minas,Alterosa,MG
Sul de Minas,Campos Gerais,MG
Sul de Minas,Cristais,MG
Sul de Minas,Funilândia,MG
Sul de Minas,Itatiaiuçu,MG
Sul de Minas,Minduri,MG
Sul de Minas,Pimenta,MG
Sul de Minas,Santo Antônio do Monte,MG
Sul de Minas,Serranos,MG
Sul de Minas,Capitólio,MG
Sul de Minas,Andradas,MG
Sul de Minas,Capim Branco,MG
Sul de Minas,Crucilândia,MG
Sul de Minas,Gonçalves,MG
Sul de Minas,Itaú de Minas,MG
Sul de Minas,Monsenhor Paulo,MG
Sul de Minas,Piracema,MG
Sul de Minas,São João Batista do Glória,MG
Sul de Minas,Sete Lagoas,MG
Sul de Minas,Conceição dos Ouros,MG
Sul de Minas,Andrelândia,MG
Sul de Minas,Careaçu,MG
Sul de Minas,Cruzília,MG
Sul de Minas,Guapé,MG
Sul de Minas,Itaúna,MG
Sul de Minas,Monte Belo,MG
Sul de Minas,Piranguçu,MG
Sul de Minas,São João da Mata,MG
Sul de Minas,Silvianópolis,MG
Sul de Minas,Congonhal,MG
Sul de Minas,Arantina,MG
Sul de Minas,Carmo da Cachoeira,MG
Sul de Minas,Delfim Moreira,MG
Sul de Minas,Ibirité,MG
Sul de Minas,Itumirim,MG
Sul de Minas,Monte Santo de Minas,MG
Sul de Minas,Piumhi,MG
Sul de Minas,São Joaquim de Bicas,MG
Sul de Minas,Tiradentes,MG
Sul de Minas,Guaranésia,MG
Sul de Minas,Arcos,MG
Sul de Minas,Carmo do Cajuru,MG
Sul de Minas,Delfinópolis,MG
Sul de Minas,Ibitiúra de Minas,MG
Sul de Minas,Itutinga,MG
Sul de Minas,Monte Sião,MG
Sul de Minas,Poço Fundo,MG
Sul de Minas,São José da Barra,MG
Sul de Minas,Tocos do Moji,MG
Sul de Minas,Guaxupé,MG
Sul de Minas,Areado,MG
Sul de Minas,Carmo do Rio Claro,MG
Sul de Minas,Desterro de Entre Rios,MG
Sul de Minas,Igarapé,MG
Sul de Minas,Jacuí,MG
Sul de Minas,Munhoz,MG
Sul de Minas,Poços de Caldas,MG
Sul de Minas,São José da Varginha,MG
Sul de Minas,Toledo,MG
Sul de Minas,Maria da Fé,MG
Sul de Minas,Bandeira do Sul,MG
Sul de Minas,Carmópolis de Minas,MG
Sul de Minas,Divinópolis,MG
Sul de Minas,Igaratinga,MG
Sul de Minas,Jacutinga,MG
Sul de Minas,Muzambinho,MG
Sul de Minas,Pouso Alegre,MG
Sul de Minas,São José do Alegre,MG
Sul de Minas,Três Corações,MG
Sul de Minas,Mário Campos,MG
Sul de Minas,Bom Repouso,MG
Sul de Minas,Carrancas,MG
Sul de Minas,Divisa Nova,MG
Sul de Minas,Iguatama,MG
Sul de Minas,Japaraíba,MG
Sul de Minas,Nepomuceno,MG
Sul de Minas,Prados,MG
Sul de Minas,São Pedro da União,MG
Sul de Minas,Três Pontas,MG
Sul de Minas,Marmelópolis,MG
Sul de Minas,Bonfim,MG
Sul de Minas,Carvalhópolis,MG
Sul de Minas,Doresópolis,MG
Sul de Minas,Ijaci,MG
Sul de Minas,Jeceaba,MG
Sul de Minas,Nova Resende,MG
Sul de Minas,Pratápolis,MG
Sul de Minas,São Roque de Minas,MG
Sul de Minas,Turvolândia,MG
Sul de Minas,Piedade do Rio Grande,MG
Sul de Minas,Borda da Mata,MG
Sul de Minas,Carvalhos,MG
Sul de Minas,Elói Mendes,MG
Sul de Minas,Ilicínea,MG
Sul de Minas,Juatuba,MG
Sul de Minas,Ouro Fino,MG
Sul de Minas,Prudente de Morais,MG
Sul de Minas,São Sebastião do Rio Verde,MG
Sul de Minas,Vargem Bonita,MG
Sul de Minas,Piedade dos Gerais,MG
Sul de Minas,Botelhos,MG
Sul de Minas,Cláudio,MG
Sul de Minas,Entre Rios de Minas,MG
Sul de Minas,Inconfidentes,MG
Sul de Minas,Juruaia,MG
Sul de Minas,Pains,MG
Sul de Minas,Resende Costa,MG
Sul de Minas,São Sebastião do Oeste,MG
Sul de Minas,Varginha,MG
Sul de Minas,São Bento Abade,MG
Sul de Minas,Brumadinho,MG
Sul de Minas,Conceição da Aparecida,MG
Sul de Minas,Esmeraldas,MG
Sul de Minas,Ingaí,MG
Sul de Minas,Lagoa Dourada,MG
Sul de Minas,Pará de Minas,MG
Sul de Minas,Ribeirão das Neves,MG
Sul de Minas,São Thomé das Letras,MG
Sul de Minas,Wenceslau Braz,MG
Sul de Minas,São Gonçalo do Pará,MG
Sul de Minas,Bueno Brandão,MG
Sul de Minas,Consolação,MG
Sul de Minas,Espírito Santo do Dourado,MG
Sul de Minas,Ipuiúna,MG
Sul de Minas,Lavras,MG
Sul de Minas,Paraguaçu,MG
Sul de Minas,Ribeirão Vermelho,MG
Sul de Minas,São Vicente de Minas,MG
Sul de Minas,Virgínia,MG
Mantiqueira de Minas (Denominação de Origem),Carmo de Minas,MG
Mantiqueira de Minas (Denominação de Origem),São Lourenço,MG
Mantiqueira de Minas (Denominação de Origem),Dom Viçoso,MG
Mantiqueira de Minas (Denominação de Origem),Cachoeira de Minas,MG
Mantiqueira de Minas (Denominação de Origem),Campanha,MG
Mantiqueira de Minas (Denominação de Origem),Conceição das Pedras,MG
Mantiqueira de Minas (Denominação de Origem),Heliodora,MG
Mantiqueira de Minas (Denominação de Origem),Lambari,MG
Mantiqueira de Minas (Denominação de Origem),Olímpio Noronha,MG
Mantiqueira de Minas (Denominação de Origem),Pedralva,MG
Mantiqueira de Minas (Denominação de Origem),Pouso Alto,MG
Mantiqueira de Minas (Denominação de Origem),São Gonçalo do Sapucaí,MG
Mantiqueira de Minas (Denominação de Origem),Soledade de Minas,MG
Mantiqueira de Minas (Denominação de Origem),Cristina,MG
Mantiqueira de Minas (Denominação de Origem),Baependi,MG
Mantiqueira de Minas (Denominação de Origem),Brazópolis,MG
Mantiqueira de Minas (Denominação de Origem),Cambuquira,MG
Mantiqueira de Minas (Denominação de Origem),Caxambu,MG
Mantiqueira de Minas (Denominação de Origem),Conceição do Rio Verde,MG
Mantiqueira de Minas (Denominação de Origem),Jesuânia,MG
Mantiqueira de Minas (Denominação de Origem),Natércia,MG
Mantiqueira de Minas (Denominação de Origem),Paraisópolis,MG
Mantiqueira de Minas (Denominação de Origem),Piranguinho,MG
Mantiqueira de Minas (Denominação de Origem),Santa Rita do Sapucaí,MG
Mantiqueira de Minas (Denominação de Origem),São Sebastião da Bela Vista,MG
Chapada de Minas,Água Boa,MG
Chapada de Minas,Botumirim,MG
Chapada de Minas,Datas,MG
Chapada de Minas,Itabirinha,MG
Chapada de Minas,Leme do Prado,MG
Chapada de Minas,Montes Claros,MG
Chapada de Minas,Santa Efigênia de Minas,MG
Chapada de Minas,Serra Azul de Minas,MG
Chapada de Minas,Gameleiras,MG
Chapada de Minas,Padre Carvalho,MG
Chapada de Minas,Veredinha,MG
Chapada de Minas,Águas Formosas,MG
Chapada de Minas,Cachoeira de Pajeú,MG
Chapada de Minas,Diamantina,MG
Chapada de Minas,Itacambira,MG
Chapada de Minas,Malacacheta,MG
Chapada de Minas,Montezuma,MG
Chapada de Minas,Santa Helena de Minas,MG
Chapada de Minas,Serra dos Aimorés,MG
Chapada de Minas,Glaucilândia,MG
Chapada de Minas,Padre Paraíso,MG
Chapada de Minas,Virgem da Lapa,MG
Chapada de Minas,Águas Vermelhas,MG
Chapada de Minas,Campanário,MG
Chapada de Minas,Divino das Laranjeiras,MG
Chapada de Minas,Itaipé,MG
Chapada de Minas,Mamonas,MG
Chapada de Minas,Nacip Raydan,MG
Chapada de Minas,São João do Manteninha,MG
Chapada de Minas,Serranópolis de Minas,MG
Chapada de Minas,Gonzaga,MG
Chapada de Minas,Pai Pedro,MG
Chapada de Minas,Virginópolis,MG
Chapada de Minas,Almenara,MG
Chapada de Minas,Cantagalo,MG
Chapada de Minas,Divinolândia de Minas,MG
Chapada de Minas,Itamarandiba,MG
Chapada de Minas,Machacalis,MG
Chapada de Minas,Pescador,MG
Chapada de Minas,São João do Paraíso,MG
Chapada de Minas,Serro,MG
Chapada de Minas,Gouveia,MG
Chapada de Minas,Palmópolis,MG
Chapada de Minas,Virgolândia,MG
Chapada de Minas,Alpercata,MG
Chapada de Minas,Catuji,MG
Chapada de Minas,Divisa Alegre,MG
Chapada de Minas,Itambacuri,MG
Chapada de Minas,Materlândia,MG
Chapada de Minas,Ponto dos Volantes,MG
Chapada de Minas,São João Evangelista,MG
Chapada de Minas,Setubinha,MG
Chapada de Minas,Governador Valadares,MG
Chapada de Minas,Patis,MG
Chapada de Minas,Alvorada de Minas,MG
Chapada de Minas,Catuti,MG
Chapada de Minas,Divisópolis,MG
Chapada de Minas,Itaobim,MG
Chapada de Minas,Matias Cardoso,MG
Chapada de Minas,Porteirinha,MG
Chapada de Minas,São Félix de Minas,MG
Chapada de Minas,Taiobeiras,MG
Chapada de Minas,Grão Mogol,MG
Chapada de Minas,Paulistas,MG
Chapada de Minas,Angelândia,MG
Chapada de Minas,Central de Minas,MG
Chapada de Minas,Dom Joaquim,MG
Chapada de Minas,Itinga,MG
Chapada de Minas,Mantena,MG
Chapada de Minas,Poté,MG
Chapada de Minas,São Geraldo da Piedade,MG
Chapada de Minas,Teófilo Otoni,MG
Chapada de Minas,Guanhães,MG
Chapada de Minas,Pavão,MG
Chapada de Minas,Araçuaí,MG
Chapada de Minas,Chapada do Norte,MG
Chapada de Minas,Engenheiro Navarro,MG
Chapada de Minas,Jacinto,MG
Chapada de Minas,Marilac,MG
Chapada de Minas,Presidente Kubitschek,MG
Chapada de Minas,São Geraldo do Baixio,MG
Chapada de Minas,Vargem Grande do Rio Pardo,MG
Chapada de Minas,Guaraciama,MG
Chapada de Minas,Peçanha,MG
Chapada de Minas,Aricanduva,MG
Chapada de Minas,Coluna,MG
Chapada de Minas,Espinosa,MG
Chapada de Minas,Janaúba,MG
Chapada de Minas,Mata Verde,MG
Chapada de Minas,Riacho dos Machados,MG
Chapada de Minas,São Gonçalo do Rio Preto,MG
Chapada de Minas,Varzelândia,MG
Chapada de Minas,Nanuque,MG
Chapada de Minas,Pedra Azul,MG
Chapada de Minas,Capelinha,MG
Chapada de Minas,Comercinho,MG
Chapada de Minas,Felício dos Santos,MG
Chapada de Minas,Jenipapo de Minas,MG
Chapada de Minas,Mathias Lobato,MG
Chapada de Minas,Rio do Prado,MG
Chapada de Minas,São João da Ponte,MG
Chapada de Minas,Várzea da Palma,MG
Chapada de Minas,Ninheira,MG
Chapada de Minas,Santa Maria do Salto,MG
Chapada de Minas,Capitão Enéas,MG
Chapada de Minas,Conceição do Mato Dentro,MG
Chapada de Minas,Felisburgo,MG
Chapada de Minas,Jequitinhonha,MG
Chapada de Minas,Mato Verde,MG
Chapada de Minas,Rio Pardo de Minas,MG
Chapada de Minas,São José da Safira,MG
Chapada de Minas,Ataléia,MG
Chapada de Minas,Nova Belém,MG
Chapada de Minas,Santa Maria do Suaçuí,MG
Chapada de Minas,Caraí,MG
Chapada de Minas,Cristália,MG
Chapada de Minas,Francisco Badaró,MG
Chapada de Minas,Joaíma,MG
Chapada de Minas,Medina,MG
Chapada de Minas,Rio Vermelho,MG
Chapada de Minas,São José do Divino,MG
Chapada de Minas,Bandeira,MG
Chapada de Minas,Nova Módica,MG
Chapada de Minas,Santana de Pirapama,MG
Chapada de Minas,Carbonita,MG
Chapada de Minas,Curral de Dentro,MG
Chapada de Minas,Francisco Sá,MG
Chapada de Minas,Jordânia,MG
Chapada de Minas,Mendes Pimentel,MG
Chapada de Minas,Rubelita,MG
Chapada de Minas,São José do Jacuri,MG
Chapada de Minas,Frei Gaspar,MG
Chapada de Minas,Nova Porteirinha,MG
Chapada de Minas,Santo Antônio do Itambé,MG
Chapada de Minas,Carlos Chagas,MG
Chapada de Minas,Congonhas do Norte,MG
Chapada de Minas,Franciscópolis,MG
Chapada de Minas,José Gonçalves de Minas,MG
Chapada de Minas,Minas Novas,MG
Chapada de Minas,Rubim,MG
Chapada de Minas,São Pedro do Suaçuí,MG
Chapada de Minas,Frei Inocêncio,MG
Chapada de Minas,Novo Cruzeiro,MG
Chapada de Minas,Santo Antônio do Jacinto,MG
Chapada de Minas,Berilo,MG
Chapada de Minas,Coroaci,MG
Chapada de Minas,Francisco Dumont,MG
Chapada de Minas,José Raydan,MG
Chapada de Minas,Mirabela,MG
Chapada de Minas,Sabinópolis,MG
Chapada de Minas,São Sebastião do Maranhão,MG
Chapada de Minas,Frei Lagonegro,MG
Chapada de Minas,Novo Oriente de Minas,MG
Chapada de Minas,Santo Antônio do Retiro,MG
Chapada de Minas,Berizal,MG
Chapada de Minas,Coronel Murta,MG
Chapada de Minas,Jaíba,MG
Chapada de Minas,Josenópolis,MG
Chapada de Minas,Monjolos,MG
Chapada de Minas,Salinas,MG
Chapada de Minas,Sardoá,MG
Chapada de Minas,Fronteira dos Vales,MG
Chapada de Minas,Novorizonte,MG
Chapada de Minas,Turmalina,MG
Chapada de Minas,Bertópolis,MG
Chapada de Minas,Couto de Magalhães de Minas,MG
Chapada de Minas,Jampruca,MG
Chapada de Minas,Juramento,MG
Chapada de Minas,Monte Azul,MG
Chapada de Minas,Salto da Divisa,MG
Chapada de Minas,Senador Modestino Gonçalves,MG
Chapada de Minas,Fruta de Leite,MG
Chapada de Minas,Olhos-d`Água,MG
Chapada de Minas,Umburatiba,MG
Chapada de Minas,Bocaiúva,MG
Chapada de Minas,Crisólita,MG
Chapada de Minas,Indaiabira,MG
Chapada de Minas,Ladainha,MG
Chapada de Minas,Monte Formoso,MG
Chapada de Minas,Santa Cruz de Salinas,MG
Chapada de Minas,Senhora do Porto,MG
Chapada de Minas,Galiléia,MG
Chapada de Minas,Ouro Verde de Minas,MG
Chapada de Minas,Verdelândia,MG
Matas de Minas (Indicação de Procedência),Abre Campo,MG
Matas de Minas (Indicação de Procedência),Carangola,MG
Matas de Minas (Indicação de Procedência),Entre Folhas,MG
Matas de Minas (Indicação de Procedência),Miradouro,MG
Matas de Minas (Indicação de Procedência),Piedade de Caratinga,MG
Matas de Minas (Indicação de Procedência),São José do Mantimento,MG
Matas de Minas (Indicação de Procedência),São Sebastião do Anta,MG
Matas de Minas (Indicação de Procedência),Conceição de Ipanema,MG
Matas de Minas (Indicação de Procedência),Rosário da Limeira,MG
Matas de Minas (Indicação de Procedência),Simonésia,MG
Matas de Minas (Indicação de Procedência),Faria Lemos,MG
Matas de Minas (Indicação de Procedência),Santa Bárbara do Leste,MG
Matas de Minas (Indicação de Procedência),Caiana,MG
Matas de Minas (Indicação de Procedência),Caratinga,MG
Matas de Minas (Indicação de Procedência),Imbé de Minas,MG
Matas de Minas (Indicação de Procedência),Miraí,MG
Matas de Minas (Indicação de Procedência),Porto Firme,MG
Matas de Minas (Indicação de Procedência),São Domingos das Dores,MG
Matas de Minas (Indicação de Procedência),Vargem Alegre,MG
Matas de Minas (Indicação de Procedência),Ubaporanga,MG
Matas de Minas (Indicação de Procedência),Santa Margarida,MG
Matas de Minas (Indicação de Procedência),Araponga,MG
Matas de Minas (Indicação de Procedência),Fervedouro,MG
Matas de Minas (Indicação de Procedência),Teixeiras,MG
Matas de Minas (Indicação de Procedência),Cajuri,MG
Matas de Minas (Indicação de Procedência),Ervália,MG
Matas de Minas (Indicação de Procedência),Inhapim,MG
Matas de Minas (Indicação de Procedência),Muriaé,MG
Matas de Minas (Indicação de Procedência),Raul Soares,MG
Matas de Minas (Indicação de Procedência),São Francisco do Glória,MG
Matas de Minas (Indicação de Procedência),Vermelho Novo,MG
Matas de Minas (Indicação de Procedência),Paula Cândido,MG
Matas de Minas (Indicação de Procedência),Santa Rita de Minas,MG
Matas de Minas (Indicação de Procedência),Chalé,MG
Matas de Minas (Indicação de Procedência),Jequeri,MG
Matas de Minas (Indicação de Procedência),Tombos,MG
Matas de Minas (Indicação de Procedência),Canaã,MG
Matas de Minas (Indicação de Procedência),Divino,MG
Matas de Minas (Indicação de Procedência),Manhuaçu,MG
Matas de Minas (Indicação de Procedência),Mutum,MG
Matas de Minas (Indicação de Procedência),Reduto,MG
Matas de Minas (Indicação de Procedência),São João do Manhuaçu,MG
Matas de Minas (Indicação de Procedência),Viçosa,MG
Matas de Minas (Indicação de Procedência),Pedra Bonita,MG
Matas de Minas (Indicação de Procedência),Santana do Manhuaçu,MG
Matas de Minas (Indicação de Procedência),Coimbra,MG
Matas de Minas (Indicação de Procedência),Lajinha,MG
Matas de Minas (Indicação de Procedência),Caputira,MG
Matas de Minas (Indicação de Procedência),Durandé,MG
Matas de Minas (Indicação de Procedência),Matipó,MG
Matas de Minas (Indicação de Procedência),Orizânia,MG
Matas de Minas (Indicação de Procedência),São Miguel do Anta,MG
Matas de Minas (Indicação de Procedência),São Sebastião da Vargem Alegre,MG
Matas de Minas (Indicação de Procedência),Vieiras,MG
Matas de Minas (Indicação de Procedência),Pedra Dourada,MG
Matas de Minas (Indicação de Procedência),Sericita,MG
Matas de Minas (Indicação de Procedência),Eugenópolis,MG
Matas de Minas (Indicação de Procedência),Luisburgo,MG
Montanhas de Minas,Acaiaca,MG
Montanhas de Minas,Casa Grande,MG
Montanhas de Minas,Dores de Campos,MG
Montanhas de Minas,Itaverava,MG
Montanhas de Minas,Oratórios,MG
Montanhas de Minas,Rio Casca,MG
Montanhas de Minas,Amparo do Serra,MG
Montanhas de Minas,Chiador,MG
Montanhas de Minas,Passabém,MG
Montanhas de Minas,Santa Maria de Itabira,MG
Montanhas de Minas,Tarumirim,MG
Montanhas de Minas,Açucena,MG
Montanhas de Minas,Cataguases,MG
Montanhas de Minas,Dores de Guanhães,MG
Montanhas de Minas,Itueta,MG
Montanhas de Minas,Ouro Branco,MG
Montanhas de Minas,São Brás do Suaçuí,MG
Montanhas de Minas,Antônio Carlos,MG
Montanhas de Minas,Cipotânea,MG
Montanhas de Minas,Patrocínio do Muriaé,MG
Montanhas de Minas,Santa Rita de Ibitipoca,MG
Montanhas de Minas,Timóteo,MG
Montanhas de Minas,Aimorés,MG
Montanhas de Minas,Confins,MG
Montanhas de Minas,Dores do Turvo,MG
Montanhas de Minas,Jaboticatubas,MG
Montanhas de Minas,Ouro Preto,MG
Montanhas de Minas,São Domingos do Prata,MG
Montanhas de Minas,Antônio Dias,MG
Montanhas de Minas,Ewbank da Câmara,MG
Montanhas de Minas,Pedra do Anta,MG
Montanhas de Minas,Santa Rita do Itueto,MG
Montanhas de Minas,Tocantins,MG
Montanhas de Minas,Além Paraíba,MG
Montanhas de Minas,Congonhas,MG
Montanhas de Minas,Engenheiro Caldas,MG
Montanhas de Minas,Jaguaraçu,MG
Montanhas de Minas,Periquito,MG
Montanhas de Minas,São Geraldo,MG
Montanhas de Minas,Antônio Prado de Minas,MG
Montanhas de Minas,Fernandes Tourinho,MG
Montanhas de Minas,Pedro Teixeira,MG
Montanhas de Minas,Santana de Cataguases,MG
Montanhas de Minas,Tumiritinga,MG
Montanhas de Minas,Alfredo Vasconcelos,MG
Montanhas de Minas,Conselheiro Lafaiete,MG
Montanhas de Minas,Estrela Dalva,MG
Montanhas de Minas,Mar de Espanha,MG
Montanhas de Minas,Piau,MG
Montanhas de Minas,São Gonçalo do Rio Abaixo,MG
Montanhas de Minas,Aracitaba,MG
Montanhas de Minas,Ferros,MG
Montanhas de Minas,Pequeri,MG
Montanhas de Minas,Santana do Deserto,MG
Montanhas de Minas,Ubá,MG
Montanhas de Minas,Belo Oriente,MG
Montanhas de Minas,Conselheiro Pena,MG
Montanhas de Minas,Guarani,MG
Montanhas de Minas,Mariana,MG
Montanhas de Minas,Piedade de Ponte Nova,MG
Montanhas de Minas,São João do Oriente,MG
Montanhas de Minas,Argirita,MG
Montanhas de Minas,Goiabeira,MG
Montanhas de Minas,Rio Doce,MG
Montanhas de Minas,Santana do Paraíso,MG
Montanhas de Minas,Visconde do Rio Branco,MG
Montanhas de Minas,Bias Fortes,MG
Montanhas de Minas,Coronel Fabriciano,MG
Montanhas de Minas,Guarará,MG
Montanhas de Minas,Maripá de Minas,MG
Montanhas de Minas,Pingo-d`Água,MG
Montanhas de Minas,São João Nepomuceno,MG
Montanhas de Minas,Astolfo Dutra,MG
Montanhas de Minas,Goianá,MG
Montanhas de Minas,Rio Espera,MG
Montanhas de Minas,Santana do Riacho,MG
Montanhas de Minas,Volta Grande,MG
Montanhas de Minas,Bicas,MG
Montanhas de Minas,Coronel Pacheco,MG
Montanhas de Minas,Guidoval,MG
Montanhas de Minas,Marliéria,MG
Montanhas de Minas,Piranga,MG
Montanhas de Minas,São José da Lapa,MG
Montanhas de Minas,Baldim,MG
Montanhas de Minas,Guaraciaba,MG
Montanhas de Minas,Rio Novo,MG
Montanhas de Minas,Santana dos Montes,MG
Montanhas de Minas,Bom Jesus do Amparo,MG
Montanhas de Minas,Córrego Novo,MG
Montanhas de Minas,Guiricema,MG
Montanhas de Minas,Matias Barbosa,MG
Montanhas de Minas,Pirapetinga,MG
Montanhas de Minas,São José do Goiabal,MG
Montanhas de Minas,Barão de Cocais,MG
Montanhas de Minas,Jequitibá,MG
Montanhas de Minas,Rio Piracicaba,MG
Montanhas de Minas,Santo Antônio do Aventureiro,MG
Montanhas de Minas,Bom Jesus do Galho,MG
Montanhas de Minas,Cristiano Otoni,MG
Montanhas de Minas,Iapu,MG
Montanhas de Minas,Mercês,MG
Montanhas de Minas,Piraúba,MG
Montanhas de Minas,São Pedro dos Ferros,MG
Montanhas de Minas,Barão de Monte Alto,MG
Montanhas de Minas,Joanésia,MG
Montanhas de Minas,Rio Pomba,MG
Montanhas de Minas,Santo Antônio do Grama,MG
Montanhas de Minas,Brás Pires,MG
Montanhas de Minas,Cuparaque,MG
Montanhas de Minas,Ibertioga,MG
Montanhas de Minas,Mesquita,MG
Montanhas de Minas,Pocrane,MG
Montanhas de Minas,São Sebastião do Rio Preto,MG
Montanhas de Minas,Barbacena,MG
Montanhas de Minas,João Monlevade,MG
Montanhas de Minas,Rio Preto,MG
Montanhas de Minas,Santo Antônio do Rio Abaixo,MG
Montanhas de Minas,Braúnas,MG
Montanhas de Minas,Descoberto,MG
Montanhas de Minas,Ipaba,MG
Montanhas de Minas,Moeda,MG
Montanhas de Minas,Ponte Nova,MG
Montanhas de Minas,Sem-Peixe,MG
Montanhas de Minas,Barra Longa,MG
Montanhas de Minas,Juiz de Fora,MG
Montanhas de Minas,Rochedo de Minas,MG
Montanhas de Minas,Santos Dumont,MG
Montanhas de Minas,Bugre,MG
Montanhas de Minas,Desterro do Melo,MG
Montanhas de Minas,Ipanema,MG
Montanhas de Minas,Morro do Pilar,MG
Montanhas de Minas,Presidente Bernardes,MG
Montanhas de Minas,Senador Cortes,MG
Montanhas de Minas,Barroso,MG
Montanhas de Minas,Lagoa Santa,MG
Montanhas de Minas,Rodeiro,MG
Montanhas de Minas,Senhora de Oliveira,MG
Montanhas de Minas,Caeté,MG
Montanhas de Minas,Diogo de Vasconcelos,MG
Montanhas de Minas,Ipatinga,MG
Montanhas de Minas,Naque,MG
Montanhas de Minas,Queluzito,MG
Montanhas de Minas,Senador Firmino,MG
Montanhas de Minas,Bela Vista de Minas,MG
Montanhas de Minas,Lamim,MG
Montanhas de Minas,Sabará,MG
Montanhas de Minas,Senhora dos Remédios,MG
Montanhas de Minas,Capela Nova,MG
Montanhas de Minas,Dionísio,MG
Montanhas de Minas,Itabira,MG
Montanhas de Minas,Nova Era,MG
Montanhas de Minas,Raposos,MG
Montanhas de Minas,Urucânia,MG
Montanhas de Minas,Belmiro Braga,MG
Montanhas de Minas,Laranjal,MG
Montanhas de Minas,Santa Bárbara,MG
Montanhas de Minas,Silveirânia,MG
Montanhas de Minas,Capitão Andrade,MG
Montanhas de Minas,Divinésia,MG
Montanhas de Minas,Itabirito,MG
Montanhas de Minas,Nova Lima,MG
Montanhas de Minas,Recreio,MG
Montanhas de Minas,Vespasiano,MG
Montanhas de Minas,Belo Horizonte,MG
Montanhas de Minas,Leopoldina,MG
Montanhas de Minas,Santa Bárbara do Monte Verde,MG
Montanhas de Minas,Simão Pereira,MG
Montanhas de Minas,Caranaíba,MG
Montanhas de Minas,Dom Cavati,MG
Montanhas de Minas,Itamarati de Minas,MG
Montanhas de Minas,Nova União,MG
Montanhas de Minas,Resplendor,MG
Montanhas de Minas,Alto Rio Doce,MG
Montanhas de Minas,Catas Altas,MG
Montanhas de Minas,Lima Duarte,MG
Montanhas de Minas,Santa Bárbara do Tugúrio,MG
Montanhas de Minas,Sobrália,MG
Montanhas de Minas,Carandaí,MG
Montanhas de Minas,Dom Silvério,MG
Montanhas de Minas,Itambé do Mato Dentro,MG
Montanhas de Minas,Olaria,MG
Montanhas de Minas,Ressaquinha,MG
Montanhas de Minas,Alvarenga,MG
Montanhas de Minas,Catas Altas da Noruega,MG
Montanhas de Minas,Paiva,MG
Montanhas de Minas,Santa Cruz do Escalvado,MG
Montanhas de Minas,Taparuba,MG
Montanhas de Minas,Carmésia,MG
Montanhas de Minas,Dona Eusébia,MG
Montanhas de Minas,Itanhomi,MG
Montanhas de Minas,Oliveira Fortes,MG
Montanhas de Minas,Rio Acima,MG
Montanhas de Minas,Alvinópolis,MG
Montanhas de Minas,Chácara,MG
Montanhas de Minas,Palma,MG
Montanhas de Minas,Santa Luzia,MG
Montanhas de Minas,Taquaraçu de Minas,MG
Norte e Noroeste de Minas,Água Comprida,MG
Norte e Noroeste de Minas,Comendador Gomes,MG
Norte e Noroeste de Minas,Centralina,MG
Norte e Noroeste de Minas,Campo Florido,MG
Norte e Noroeste de Minas,Conceição das Alagoas,MG
Norte e Noroeste de Minas,Delta,MG
Norte e Noroeste de Minas,Dores do Indaiá,MG
Norte e Noroeste de Minas,Lagoa da Prata,MG
Norte e Noroeste de Minas,Lagoa Grande,MG
Norte e Noroeste de Minas,Prata,MG
Norte e Noroeste de Minas,São Francisco de Sales,MG
Norte e Noroeste de Minas,Abaeté,MG
Norte e Noroeste de Minas,Capinópolis,MG
Norte e Noroeste de Minas,Cedro do Abaeté,MG
Norte e Noroeste de Minas,Brasilândia de Minas,MG
Norte e Noroeste de Minas,Frutal,MG
Norte e Noroeste de Minas,Estrela do Indaiá,MG
Norte e Noroeste de Minas,Itapagipe,MG
Norte e Noroeste de Minas,Luz,MG
Norte e Noroeste de Minas,Planura,MG
Norte e Noroeste de Minas,Quartel Geral,MG
Cerrado Mineiro (Denominação de Origem),Abadia dos Dourados,MG
Cerrado Mineiro (Denominação de Origem),Buritis,MG
Cerrado Mineiro (Denominação de Origem),Cascalho Rico,MG
Cerrado Mineiro (Denominação de Origem),Douradoquara,MG
Cerrado Mineiro (Denominação de Origem),Ibiá,MG
Cerrado Mineiro (Denominação de Origem),Lagoa Formosa,MG
Cerrado Mineiro (Denominação de Origem),Medeiros,MG
Cerrado Mineiro (Denominação de Origem),Patos de Minas,MG
Cerrado Mineiro (Denominação de Origem),Sacramento,MG
Cerrado Mineiro (Denominação de Origem),Serra do Salitre,MG
Cerrado Mineiro (Denominação de Origem),Uberlândia,MG
Cerrado Mineiro (Denominação de Origem),Araguari,MG
Cerrado Mineiro (Denominação de Origem),Buritizeiro,MG
Cerrado Mineiro (Denominação de Origem),Conquista,MG
Cerrado Mineiro (Denominação de Origem),Estrela do Sul,MG
Cerrado Mineiro (Denominação de Origem),Indianópolis,MG
Cerrado Mineiro (Denominação de Origem),Patrocínio,MG
Cerrado Mineiro (Denominação de Origem),Monte Alegre de Minas,MG
Cerrado Mineiro (Denominação de Origem),Pratinha,MG
Cerrado Mineiro (Denominação de Origem),Santa Juliana,MG
Cerrado Mineiro (Denominação de Origem),Tapira,MG
Cerrado Mineiro (Denominação de Origem),Unaí,MG
Cerrado Mineiro (Denominação de Origem),Arapuá,MG
Cerrado Mineiro (Denominação de Origem),Campos Altos,MG
Cerrado Mineiro (Denominação de Origem),Coromandel,MG
Cerrado Mineiro (Denominação de Origem),Grupiara,MG
Cerrado Mineiro (Denominação de Origem),Iraí de Minas,MG
Cerrado Mineiro (Denominação de Origem),Pedrinópolis,MG
Cerrado Mineiro (Denominação de Origem),Monte Carmelo,MG
Cerrado Mineiro (Denominação de Origem),Presidente Olegário,MG
Cerrado Mineiro (Denominação de Origem),Santa Rosa da Serra,MG
Cerrado Mineiro (Denominação de Origem),Tiros,MG
Cerrado Mineiro (Denominação de Origem),Varjão de Minas,MG
Cerrado Mineiro (Denominação de Origem),Araxá,MG
Cerrado Mineiro (Denominação de Origem),Canápolis,MG
Cerrado Mineiro (Denominação de Origem),Córrego Danta,MG
Cerrado Mineiro (Denominação de Origem),Guarda-Mor,MG
Cerrado Mineiro (Denominação de Origem),João Pinheiro,MG
Cerrado Mineiro (Denominação de Origem),Perdizes,MG
Cerrado Mineiro (Denominação de Origem),Nova Ponte,MG
Cerrado Mineiro (Denominação de Origem),Rio Paranaíba,MG
Cerrado Mineiro (Denominação de Origem),São Gonçalo do Abaeté,MG
Cerrado Mineiro (Denominação de Origem),Tupaciguara,MG
Cerrado Mineiro (Denominação de Origem),Vazante,MG
Cerrado Mineiro (Denominação de Origem),Bonfinópolis de Minas,MG
Cerrado Mineiro (Denominação de Origem),Carmo do Paranaíba,MG
Cerrado Mineiro (Denominação de Origem),Cruzeiro da Fortaleza,MG
Cerrado Mineiro (Denominação de Origem),Guimarânia,MG
Cerrado Mineiro (Denominação de Origem),Lagamar,MG
Cerrado Mineiro (Denominação de Origem),Matutina,MG
Cerrado Mineiro (Denominação de Origem),Paracatu,MG
Cerrado Mineiro (Denominação de Origem),Romaria,MG
Cerrado Mineiro (Denominação de Origem),São Gotardo,MG
Cerrado Mineiro (Denominação de Origem),Uberaba,MG
Cerrado Mineiro (Denominação de Origem),Bambuí,MG
Campo das Vertentes (Indicação de Procedência),São Francisco de Paula,MG
Campo das Vertentes (Indicação de Procedência),Bom Sucesso,MG
Campo das Vertentes (Indicação de Procedência),Oliveira,MG
Campo das Vertentes (Indicação de Procedência),Perdões,MG
Campo das Vertentes (Indicação de Procedência),Ritápolis,MG
Campo das Vertentes (Indicação de Procedência),Santana do Jacaré,MG
Campo das Vertentes (Indicação de Procedência),São Tiago,MG
Campo das Vertentes (Indicação de Procedência),Camacho,MG
Campo das Vertentes (Indicação de Procedência),Campo Belo,MG
Campo das Vertentes (Indicação de Procedência),Cana Verde,MG
Campo das Vertentes (Indicação de Procedência),Candeias,MG
Campo das Vertentes (Indicação de Procedência),Carmo da Mata,MG
Campo das Vertentes (Indicação de Procedência),Conceição da Barra de Minas,MG
Campo das Vertentes (Indicação de Procedência),Ibituruna,MG
Campo das Vertentes (Indicação de Procedência),Nazareno,MG
Campo das Vertentes (Indicação de Procedência),Santo Antônio do Amparo,MG
Campo das Vertentes (Indicação de Procedência),São João del Rei,MG
Alta Mogiana (Indicação de Procedência),Cássia dos Coqueiros,SP
Alta Mogiana (Indicação de Procedência),Altinópolis,SP
Alta Mogiana (Indicação de Procedência),Batatais,SP
Alta Mogiana (Indicação de Procedência),Buritizal,SP
Alta Mogiana (Indicação de Procedência),Cajuru,SP
Alta Mogiana (Indicação de Procedência),Cristais Paulista,SP
Alta Mogiana (Indicação de Procedência),Franca,SP
Alta Mogiana (Indicação de Procedência),Itirapuã,SP
Alta Mogiana (Indicação de Procedência),Jeriquara,SP
Alta Mogiana (Indicação de Procedência),Nuporanga,SP
Alta Mogiana (Indicação de Procedência),Patrocínio Paulista,SP
Alta Mogiana (Indicação de Procedência),Pedregulho,SP
Alta Mogiana (Indicação de Procedência),Restinga,SP
Alta Mogiana (Indicação de Procedência),Ribeirão Corrente,SP
Alta Mogiana (Indicação de Procedência),Santo Antônio da Alegria,SP
Alta Mogiana (Indicação de Procedência),São José da Bela Vista,SP
Alta Mogiana,Cássia dos Coqueiros,SP
Alta Mogiana,Altinópolis,SP
Alta Mogiana,Batatais,SP
Alta Mogiana,Buritizal,SP
Alta Mogiana,Cajuru,SP
Alta Mogiana,Cristais Paulista,SP
Alta Mogiana,Franca,SP
Alta Mogiana,Itirapuã,SP
Alta Mogiana,Jeriquara,SP
Alta Mogiana,Nuporanga,SP
Alta Mogiana,Patrocínio Paulista,SP
Alta Mogiana,Pedregulho,SP
Alta Mogiana,Restinga,SP
Alta Mogiana,Ribeirão Corrente,SP
Alta Mogiana,Santo Antônio da Alegria,SP
Alta Mogiana,São José da Bela Vista,SP
Média Mogiana,Bom Jesus dos Perdões,SP
Média Mogiana,Holambra,SP
Média Mogiana,Pedra Bela,SP
Média Mogiana,Serra Negra,SP
Média Mogiana,Artur Nogueira,SP
Média Mogiana,Conchal,SP
Média Mogiana,Itatiba,SP
Média Mogiana,Mogi Mirim,SP
Média Mogiana,Nazaré Paulista,SP
Média Mogiana,Piracaia,SP
Média Mogiana,Socorro,SP
Média Mogiana,Tuiuti,SP
Média Mogiana,Bragança Paulista,SP
Média Mogiana,Lindóia,SP
Média Mogiana,Santa Cruz das Palmeiras,SP
Média Mogiana,Águas de Lindóia,SP
Média Mogiana,Atibaia,SP
Média Mogiana,Divinolândia,SP
Média Mogiana,Jaguariúna,SP
Média Mogiana,Monte Alegre do Sul,SP
Média Mogiana,Pedreira,SP
Média Mogiana,São José do Rio Pardo,SP
Média Mogiana,Tambaú,SP
Média Mogiana,Vargem Grande do Sul,SP
Média Mogiana,Caconde,SP
Média Mogiana,Mococa,SP
Média Mogiana,Santo Antônio de Posse,SP
Média Mogiana,Amparo,SP
Média Mogiana,Casa Branca,SP
Média Mogiana,Engenheiro Coelho,SP
Média Mogiana,Joanópolis,SP
Média Mogiana,Morungaba,SP
Média Mogiana,Pinhalzinho,SP
Média Mogiana,São Sebastião da Grama,SP
Média Mogiana,Tapiratiba,SP
Média Mogiana,Vargem,SP
Marília e Garça,Álvaro de Carvalho,SP
Marília e Garça,Alvinlândia,SP
Marília e Garça,Echaporã,SP
Marília e Garça,Fernão,SP
Marília e Garça,Gália,SP
Marília e Garça,Garça,SP
Marília e Garça,Herculândia,SP
Marília e Garça,Lupércio,SP
Marília e Garça,Marília,SP
Marília e Garça,Ocauçu,SP
Marília e Garça,Oscar Bressane,SP
Marília e Garça,Pompéia,SP
Marília e Garça,Quintana,SP
Marília e Garça,Vera Cruz,SP
Ourinhos e Avaré,Águas de Santa Bárbara,SP
Ourinhos e Avaré,Areiópolis,SP
Ourinhos e Avaré,Bernardino de Campos,SP
Ourinhos e Avaré,Canitar,SP
Ourinhos e Avaré,Chavantes,SP
Ourinhos e Avaré,Iaras,SP
Ourinhos e Avaré,Itatinga,SP
Ourinhos e Avaré,Óleo,SP
Ourinhos e Avaré,Piraju,SP
Ourinhos e Avaré,Santa Cruz do Rio Pardo,SP
Ourinhos e Avaré,Sarutaiá,SP
Ourinhos e Avaré,Timburi,SP
Ourinhos e Avaré,Fartura,SP
Ourinhos e Avaré,Arandu,SP
Ourinhos e Avaré,Avaré,SP
Ourinhos e Avaré,Botucatu,SP
Ourinhos e Avaré,Cerqueira César,SP
Ourinhos e Avaré,Espírito Santo do Turvo,SP
Ourinhos e Avaré,Ipaussu,SP
Ourinhos e Avaré,Manduri,SP
Ourinhos e Avaré,Pardinho,SP
Ourinhos e Avaré,Pratânia,SP
Ourinhos e Avaré,São Manuel,SP
Ourinhos e Avaré,Taguaí,SP
Ourinhos e Avaré,Tejupá,SP
Região de Pinhal (Indicação de Procedência),Itapira,SP
Região de Pinhal (Indicação de Procedência),Mogi Guaçu,SP
Região de Pinhal (Indicação de Procedência),Santo Antônio do Jardim,SP
Região de Pinhal (Indicação de Procedência),São João da Boa Vista,SP
Região de Pinhal (Indicação de Procedência),Espírito Santo do Pinhal,SP
Região de Pinhal (Indicação de Procedência),Aguaí,SP
Região de Pinhal (Indicação de Procedência),Águas da Prata,SP
Região de Pinhal (Indicação de Procedência),Estiva Gerbi,SP
A. Chapada Diamantina,Abaíra,BA
A. Chapada Diamantina,Barra da Estiva,BA
A. Chapada Diamantina,Bonito,BA
A. Chapada Diamantina,Ibitiara,BA
A. Chapada Diamantina,Iraquara,BA
A. Chapada Diamantina,Jussiape,BA
A. Chapada Diamantina,Marcionílio Souza,BA
A. Chapada Diamantina,Mucugê,BA
A. Chapada Diamantina,Novo Horizonte,BA
A. Chapada Diamantina,Piatã,BA
A. Chapada Diamantina,Seabra,BA
A. Chapada Diamantina,Utinga,BA
A. Chapada Diamantina,Andaraí,BA
A. Chapada Diamantina,Boninal,BA
A. Chapada Diamantina,Ibicoara,BA
A. Chapada Diamantina,Iramaia,BA
A. Chapada Diamantina,Itaeté,BA
A. Chapada Diamantina,Lençóis,BA
A. Chapada Diamantina,Morro do Chapéu,BA
A. Chapada Diamantina,Nova Redenção,BA
A. Chapada Diamantina,Palmeiras,BA
A. Chapada Diamantina,Rio de Contas,BA
A. Chapada Diamantina,Souto Soares,BA
A. Chapada Diamantina,Wagner,BA
B. Planalto de Vitória da Conquista,Anagé,BA
B. Planalto de Vitória da Conquista,Barra do Choça,BA
B. Planalto de Vitória da Conquista,Caetanos,BA
B. Planalto de Vitória da Conquista,Caraíbas,BA
B. Planalto de Vitória da Conquista,Licínio de Almeida,BA
B. Planalto de Vitória da Conquista,Mirante,BA
B. Planalto de Vitória da Conquista,Piripá,BA
B. Planalto de Vitória da Conquista,Ribeirão do Largo,BA
B. Planalto de Vitória da Conquista,Vitória da Conquista,BA
B. Planalto de Vitória da Conquista,Condeúba,BA
B. Planalto de Vitória da Conquista,Encruzilhada,BA
B. Planalto de Vitória da Conquista,Poções,BA
B. Planalto de Vitória da Conquista,Aracatu,BA
B. Planalto de Vitória da Conquista,Belo Campo,BA
B. Planalto de Vitória da Conquista,Cândido Sales,BA
B. Planalto de Vitória da Conquista,Jacaraci,BA
B. Planalto de Vitória da Conquista,Maetinga,BA
B. Planalto de Vitória da Conquista,Mortugaba,BA
B. Planalto de Vitória da Conquista,Planalto,BA
B. Planalto de Vitória da Conquista,Tremedal,BA
B. Planalto de Vitória da Conquista,Bom Jesus da Serra,BA
B. Planalto de Vitória da Conquista,Cordeiros,BA
B. Planalto de Vitória da Conquista,Guajeru,BA
B. Planalto de Vitória da Conquista,Presidente Jânio Quadros,BA
C. Serrana de Itiruçu/Brejões,Amargosa,BA
C. Serrana de Itiruçu/Brejões,Cravolândia,BA
C. Serrana de Itiruçu/Brejões,Irajuba,BA
C. Serrana de Itiruçu/Brejões,Itiruçu,BA
C. Serrana de Itiruçu/Brejões,Jiquiriçá,BA
C. Serrana de Itiruçu/Brejões,Lajedo do Tabocal,BA
C. Serrana de Itiruçu/Brejões,Santa Inês,BA
C. Serrana de Itiruçu/Brejões,Ubaíra,BA
C. Serrana de Itiruçu/Brejões,Milagres,BA
C. Serrana de Itiruçu/Brejões,Nova Itarana,BA
C. Serrana de Itiruçu/Brejões,Brejões,BA
C. Serrana de Itiruçu/Brejões,Elísio Medrado,BA
C. Serrana de Itiruçu/Brejões,Itaquara,BA
C. Serrana de Itiruçu/Brejões,Jaguaquara,BA
C. Serrana de Itiruçu/Brejões,Lafaiete Coutinho,BA
C. Serrana de Itiruçu/Brejões,Laje,BA
C. Serrana de Itiruçu/Brejões,São Miguel das Matas,BA
C. Serrana de Itiruçu/Brejões,Maracás,BA
C. Serrana de Itiruçu/Brejões,Mutuípe,BA
C. Serrana de Itiruçu/Brejões,Planaltino,BA
Oeste da Bahia (Indicação de Procedência),Barreiras,BA
Oeste da Bahia (Indicação de Procedência),Baianópolis,BA
Oeste da Bahia (Indicação de Procedência),Catolândia,BA
Oeste da Bahia (Indicação de Procedência),Correntina,BA
Oeste da Bahia (Indicação de Procedência),Cocos,BA
Oeste da Bahia (Indicação de Procedência),Luís Eduardo Magalhães,BA
Oeste da Bahia (Indicação de Procedência),Jaborandi,BA
Oeste da Bahia (Indicação de Procedência),Riachão das Neves,BA
Oeste da Bahia (Indicação de Procedência),São Desidério,BA
Oeste da Bahia (Indicação de Procedência),Formosa do Rio Preto,BA
Oeste da Bahia (Indicação de Procedência),Santa Rita de Cássia,BA
Atlântico Baiano,Almadina,BA
Atlântico Baiano,Buerarema,BA
Atlântico Baiano,Camamu,BA
Atlântico Baiano,Itapé,BA
Atlântico Baiano,Maraú,BA
Atlântico Baiano,Prado,BA
Atlântico Baiano,Ubaitaba,BA
Atlântico Baiano,Itabela,BA
Atlântico Baiano,Floresta Azul,BA
Atlântico Baiano,Ilhéus,BA
Atlântico Baiano,Itaju do Colônia,BA
Atlântico Baiano,Una,BA
Atlântico Baiano,Arataca,BA
Atlântico Baiano,Camacan,BA
Atlântico Baiano,Eunápolis,BA
Atlântico Baiano,Itapitanga,BA
Atlântico Baiano,Mascote,BA
Atlântico Baiano,Santa Luzia,BA
Atlântico Baiano,Aurelino Leal,BA
Atlântico Baiano,Itamaraju,BA
Atlântico Baiano,Ibicaraí,BA
Atlântico Baiano,Itabuna,BA
Atlântico Baiano,Itajuípe,BA
Atlântico Baiano,Uruçuca,BA
Atlântico Baiano,Barro Preto,BA
Atlântico Baiano,Canavieiras,BA
Atlântico Baiano,Jucuruçu,BA
Atlântico Baiano,Jussari,BA
Atlântico Baiano,Porto Seguro,BA
Atlântico Baiano,São José da Vitória,BA
Atlântico Baiano,Gandu,BA
Atlântico Baiano,Coaraci,BA
Atlântico Baiano,Ibirapitanga,BA
Atlântico Baiano,Itacaré,BA
Atlântico Baiano,Pau Brasil,BA
Montanhas do Espírito Santo (Denominação de Origem),Venda Nova do Imigrante,ES
Montanhas do Espírito Santo (Denominação de Origem),Marechal Floriano,ES
Montanhas do Espírito Santo (Denominação de Origem),Itarana,ES
Montanhas do Espírito Santo (Denominação de Origem),Domingos Martins,ES
Montanhas do Espírito Santo (Denominação de Origem),Alfredo Chaves,ES
Montanhas do Espírito Santo (Denominação de Origem),Conceição do Castelo,ES
Montanhas do Espírito Santo (Denominação de Origem),Iconha,ES
Montanhas do Espírito Santo (Denominação de Origem),Itaguaçu,ES
Montanhas do Espírito Santo (Denominação de Origem),Rio Novo do Sul,ES
Montanhas do Espírito Santo (Denominação de Origem),Afonso Cláudio,ES
Montanhas do Espírito Santo (Denominação de Origem),Brejetuba,ES
Montanhas do Espírito Santo (Denominação de Origem),Castelo,ES
Montanhas do Espírito Santo (Denominação de Origem),Vargem Alta,ES
Montanhas do Espírito Santo (Denominação de Origem),Santa Teresa,ES
Montanhas do Espírito Santo (Denominação de Origem),Santa Leopoldina,ES
Montanhas do Espírito Santo (Denominação de Origem),Santa Maria de Jetibá,ES
Conilon Capixaba,Governador Lindenberg,ES
Conilon Capixaba,Jaguaré,ES
Conilon Capixaba,Linhares,ES
Conilon Capixaba,Nova Venécia,ES
Conilon Capixaba,Pinheiros,ES
Conilon Capixaba,Rio Bananal,ES
Conilon Capixaba,São Gabriel da Palha,ES
Conilon Capixaba,Colatina,ES
Conilon Capixaba,São Mateus,ES
Conilon Capixaba,Sooretama,ES
Conilon Capixaba,Vila Valério,ES
Norte Pioneiro do Paraná (Indicação de Procedência),Congonhinhas,PR
Norte Pioneiro do Paraná (Indicação de Procedência),Itambaracá,PR
Norte Pioneiro do Paraná (Indicação de Procedência),Nova Santa Bárbara,PR
Norte Pioneiro do Paraná (Indicação de Procedência),Santa Mariana,PR
Norte Pioneiro do Paraná (Indicação de Procedência),Sapopema,PR
Norte Pioneiro do Paraná (Indicação de Procedência),Andirá,PR
Norte Pioneiro do Paraná (Indicação de Procedência),Conselheiro Mairinck,PR
Norte Pioneiro do Paraná (Indicação de Procedência),Ibaiti,PR
Norte Pioneiro do Paraná (Indicação de Procedência),Joaquim Távora,PR
Norte Pioneiro do Paraná (Indicação de Procedência),Ribeirão Claro,PR
Norte Pioneiro do Paraná (Indicação de Procedência),Santo Antônio da Platina,PR
Norte Pioneiro do Paraná (Indicação de Procedência),Wenceslau Braz,PR
Norte Pioneiro do Paraná (Indicação de Procedência),Assaí,PR
Norte Pioneiro do Paraná (Indicação de Procedência),Leópolis,PR
Norte Pioneiro do Paraná (Indicação de Procedência),Rancho Alegre,PR
Norte Pioneiro do Paraná (Indicação de Procedência),Santo Antônio do Paraíso,PR
Norte Pioneiro do Paraná (Indicação de Procedência),Sertaneja,PR
Norte Pioneiro do Paraná (Indicação de Procedência),Barra do Jacaré,PR
Norte Pioneiro do Paraná (Indicação de Procedência),Curiúva,PR
Norte Pioneiro do Paraná (Indicação de Procedência),Jaboti,PR
Norte Pioneiro do Paraná (Indicação de Procedência),Jundiaí do Sul,PR
Norte Pioneiro do Paraná (Indicação de Procedência),Ribeirão do Pinhal,PR
Norte Pioneiro do Paraná (Indicação de Procedência),São José da Boa Vista,PR
Norte Pioneiro do Paraná (Indicação de Procedência),Bandeirantes,PR
Norte Pioneiro do Paraná (Indicação de Procedência),Nova América da Colina,PR
Norte Pioneiro do Paraná (Indicação de Procedência),Santa Amélia,PR
Norte Pioneiro do Paraná (Indicação de Procedência),São Jerônimo da Serra,PR
Norte Pioneiro do Paraná (Indicação de Procedência),Uraí,PR
Norte Pioneiro do Paraná (Indicação de Procedência),Cambará,PR
Norte Pioneiro do Paraná (Indicação de Procedência),Figueira,PR
Norte Pioneiro do Paraná (Indicação de Procedência),Jacarezinho,PR
Norte Pioneiro do Paraná (Indicação de Procedência),Pinhalão,PR
Norte Pioneiro do Paraná (Indicação de Procedência),Salto do Itararé,PR
Norte Pioneiro do Paraná (Indicação de Procedência),Siqueira Campos,PR
Norte Pioneiro do Paraná (Indicação de Procedência),Cornélio Procópio,PR
Norte Pioneiro do Paraná (Indicação de Procedência),Nova Fátima,PR
Norte Pioneiro do Paraná (Indicação de Procedência),Santa Cecília do Pavão,PR
Norte Pioneiro do Paraná (Indicação de Procedência),São Sebastião da Amoreira,PR
Norte Pioneiro do Paraná (Indicação de Procedência),Abatiá,PR
Norte Pioneiro do Paraná (Indicação de Procedência),Carlópolis,PR
Norte Pioneiro do Paraná (Indicação de Procedência),Guapirama,PR
Norte Pioneiro do Paraná (Indicação de Procedência),Japira,PR
Norte Pioneiro do Paraná (Indicação de Procedência),Quatiguá,PR
Norte Pioneiro do Paraná (Indicação de Procedência),Santana do Itararé,PR
Norte Pioneiro do Paraná (Indicação de Procedência),Tomazina,PR
Paraná,Altamira do Paraná,PR
Paraná,Paranacity,PR
Paraná,São João do Caiuá,PR
Paraná,Bela Vista do Paraíso,PR
Paraná,Cidade Gaúcha,PR
Paraná,Formosa do Oeste,PR
Paraná,Ivaté,PR
Paraná,Lunardelli,PR
Paraná,Nova Aurora,PR
Paraná,Rio Branco do Ivaí,PR
Paraná,Tuneiras do Oeste,PR
Paraná,Alto Paraíso,PR
Paraná,Paranavaí,PR
Paraná,São João do Ivaí,PR
Paraná,Boa Esperança,PR
Paraná,Colorado,PR
Paraná,Guaporema,PR
Paraná,Ivatuba,PR
Paraná,Lupionópolis,PR
Paraná,Nova Esperança,PR
Paraná,Rolândia,PR
Paraná,Ubiratã,PR
Paraná,Alto Paraná,PR
Paraná,Peabiru,PR
Paraná,São Jorge do Ivaí,PR
Paraná,Boa Vista da Aparecida,PR
Paraná,Corbélia,PR
Paraná,Guaraci,PR
Paraná,Jaguapitã,PR
Paraná,Mamborê,PR
Paraná,Nova Londrina,PR
Paraná,Roncador,PR
Paraná,Umuarama,PR
Paraná,Altônia,PR
Paraná,Perobal,PR
Paraná,São Jorge do Patrocínio,PR
Paraná,Bom Sucesso,PR
Paraná,Corumbataí do Sul,PR
Paraná,Ibiporã,PR
Paraná,Jandaia do Sul,PR
Paraná,Mandaguaçu,PR
Paraná,Nova Olímpia,PR
Paraná,Rondon,PR
Paraná,Uniflor,PR
Paraná,Alvorada do Sul,PR
Paraná,Pérola,PR
Paraná,São José das Palmeiras,PR
Paraná,Borrazópolis,PR
Paraná,Cruzeiro do Oeste,PR
Paraná,Icaraíma,PR
Paraná,Janiópolis,PR
Paraná,Mandaguari,PR
Paraná,Nova Tebas,PR
Paraná,São Manoel do Paraná,PR
Paraná,Vera Cruz do Oeste,PR
Paraná,Amaporã,PR
Paraná,Pitangueiras,PR
Paraná,Terra Boa,PR
Paraná,Braganey,PR
Paraná,Cruzmaltina,PR
Paraná,Iguaraçu,PR
Paraná,Japurá,PR
Paraná,Maria Helena,PR
Paraná,Planaltina do Paraná,PR
Paraná,São Miguel do Iguaçu,PR
Paraná,Xambrê,PR
Paraná,Francisco Alves,PR
Paraná,Sabáudia,PR
Paraná,Anahy,PR
Paraná,Cafeara,PR
Paraná,Diamante do Norte,PR
Paraná,Iguatu,PR
Paraná,Jardim Alegre,PR
Paraná,Marialva,PR
Paraná,Porecatu,PR
Paraná,São Pedro do Ivaí,PR
Paraná,Godoy Moreira,PR
Paraná,Santa Cruz de Monte Castelo,PR
Paraná,Ângulo,PR
Paraná,Cafezal do Sul,PR
Paraná,Diamante d`Oeste,PR
Paraná,Inajá,PR
Paraná,Jardim Olinda,PR
Paraná,Marilândia do Sul,PR
Paraná,Porto Rico,PR
Paraná,São Pedro do Paraná,PR
Paraná,Goioerê,PR
Paraná,Santa Fé,PR
Paraná,Apucarana,PR
Paraná,Califórnia,PR
Paraná,Douradina,PR
Paraná,Indianópolis,PR
Paraná,Jesuítas,PR
Paraná,Mariluz,PR
Paraná,Prado Ferreira,PR
Paraná,São Tomé,PR
Paraná,Grandes Rios,PR
Paraná,Santa Inês,PR
Paraná,Arapongas,PR
Paraná,Cambé,PR
Paraná,Doutor Camargo,PR
Paraná,Iporã,PR
Paraná,Jussara,PR
Paraná,Maringá,PR
Paraná,Presidente Castelo Branco,PR
Paraná,Sarandi,PR
Paraná,Guairaçá,PR
Paraná,Santa Isabel do Ivaí,PR
Paraná,Arapoti,PR
Paraná,Cambira,PR
Paraná,Engenheiro Beltrão,PR
Paraná,Iracema do Oeste,PR
Paraná,Kaloré,PR
Paraná,Marumbi,PR
Paraná,Primeiro de Maio,PR
Paraná,Sertanópolis,PR
Paraná,Novo Itacolomi,PR
Paraná,Santa Mônica,PR
Paraná,Arapuã,PR
Paraná,Campina da Lagoa,PR
Paraná,Farol,PR
Paraná,Iretama,PR
Paraná,Lidianópolis,PR
Paraná,Mirador,PR
Paraná,Quarto Centenário,PR
Paraná,Tamarana,PR
Paraná,Ortigueira,PR
Paraná,Santa Tereza do Oeste,PR
Paraná,Araruna,PR
Paraná,Campo Mourão,PR
Paraná,Fênix,PR
Paraná,Itaguajé,PR
Paraná,Lindoeste,PR
Paraná,Miraselva,PR
Paraná,Querência do Norte,PR
Paraná,Tamboara,PR
Paraná,Ourizona,PR
Paraná,Santa Terezinha de Itaipu,PR
Paraná,Ariranha do Ivaí,PR
Paraná,Cândido de Abreu,PR
Paraná,Floraí,PR
Paraná,Itaipulândia,PR
Paraná,Loanda,PR
Paraná,Moreira Sales,PR
Paraná,Quinta do Sol,PR
Paraná,Tapejara,PR
Paraná,Ouro Verde do Oeste,PR
Paraná,Santo Antônio do Caiuá,PR
Paraná,Assis Chateaubriand,PR
Paraná,Centenário do Sul,PR
Paraná,Floresta,PR
Paraná,Itambé,PR
Paraná,Lobato,PR
Paraná,Munhoz de Melo,PR
Paraná,Ramilândia,PR
Paraná,Tapira,PR
Paraná,Paiçandu,PR
Paraná,Santo Inácio,PR
Paraná,Atalaia,PR
Paraná,Céu Azul,PR
Paraná,Florestópolis,PR
Paraná,Itaúna do Sul,PR
Paraná,Londrina,PR
Paraná,Nossa Senhora das Graças,PR
Paraná,Rancho Alegre d`Oeste,PR
Paraná,Terra Rica,PR
Paraná,Paraíso do Norte,PR
Paraná,São Carlos do Ivaí,PR
Paraná,Barbosa Ferraz,PR
Paraná,Cianorte,PR
Paraná,Flórida,PR
Paraná,Ivaiporã,PR
Paraná,Luiziana,PR
Paraná,Nova Aliança do Ivaí,PR
Paraná,Rio Bom,PR
Paraná,Terra Roxa,PR
Rondônia,Alto Paraíso,RO
Rondônia,Cabixi,RO
Rondônia,Candeias do Jamari,RO
Rondônia,Colorado do Oeste,RO
Rondônia,Cujubim,RO
Rondônia,Itapuã do Oeste,RO
Rondônia,Machadinho d`Oeste,RO
Rondônia,Nova Mamoré,RO
Rondônia,Parecis,RO
Rondônia,Presidente Médici,RO
Rondônia,Teixeirópolis,RO
Rondônia,Vale do Anari,RO
Rondônia,Ariquemes,RO
Rondônia,Cacaulândia,RO
Rondônia,Cerejeiras,RO
Rondônia,Corumbiara,RO
Rondônia,Governador Jorge Teixeira,RO
Rondônia,Jaru,RO
Rondônia,Mirante da Serra,RO
Rondônia,Nova União,RO
Rondônia,Pimenta Bueno,RO
Rondônia,Rio Crespo,RO
Rondônia,Theobroma,RO
Rondônia,Vale do Paraíso,RO
Rondônia,Buritis,RO
Rondônia,Campo Novo de Rondônia,RO
Rondônia,Chupinguaia,RO
Rondônia,Costa Marques,RO
Rondônia,Guajará-Mirim,RO
Rondônia,Ji-Paraná,RO
Rondônia,Monte Negro,RO
Rondônia,Ouro Preto do Oeste,RO
Rondônia,Porto Velho,RO
Rondônia,São Francisco do Guaporé,RO
Rondônia,Urupá,RO
Rondônia,Vilhena,RO
Matas de Rondônia,Alta Floresta d`Oeste,RO
Matas de Rondônia,Alto Alegre dos Parecis,RO
Matas de Rondônia,Alvorada d`Oeste,RO
Matas de Rondônia,Cacoal,RO
Matas de Rondônia,Castanheiras,RO
Matas de Rondônia,Espigão d`Oeste,RO
Matas de Rondônia,Ministro Andreazza,RO
Matas de Rondônia,Nova Brasilândia d`Oeste,RO
Matas de Rondônia,Novo Horizonte do Oeste,RO
Matas de Rondônia,Primavera de Rondônia,RO
Matas de Rondônia,Rolim de Moura,RO
Matas de Rondônia,Santa Luzia d`Oeste,RO
Matas de Rondônia,São Felipe d`Oeste,RO
Matas de Rondônia,São Miguel do Guaporé,RO
Matas de Rondônia,Seringueiras,RO
Noroeste/Norte do Rio de Janeiro,Bom Jesus do Itabapoana,RJ
Noroeste/Norte do Rio de Janeiro,Cambuci,RJ
Noroeste/Norte do Rio de Janeiro,Campos dos Goytacazes,RJ
Noroeste/Norte do Rio de Janeiro,Conceição de Macabu,RJ
Noroeste/Norte do Rio de Janeiro,Laje do Muriaé,RJ
Noroeste/Norte do Rio de Janeiro,Miracema,RJ
Noroeste/Norte do Rio de Janeiro,Natividade,RJ
Noroeste/Norte do Rio de Janeiro,Porciúncula,RJ
Noroeste/Norte do Rio de Janeiro,São Fidélis,RJ
Noroeste/Norte do Rio de Janeiro,Varre-Sai,RJ
Noroeste/Norte do Rio de Janeiro,Itaperuna,RJ
Serrana do Rio de Janeiro,Bom Jardim,RJ
Serrana do Rio de Janeiro,Carmo,RJ
Serrana do Rio de Janeiro,Petrópolis,RJ
Serrana do Rio de Janeiro,Teresópolis,RJ
Serrana do Rio de Janeiro,Cantagalo,RJ
Serrana do Rio de Janeiro,Cordeiro,RJ
Serrana do Rio de Janeiro,Duas Barras,RJ
Serrana do Rio de Janeiro,Santa Maria Madalena,RJ
Serrana do Rio de Janeiro,São José do Vale do Rio Preto,RJ
Serrana do Rio de Janeiro,Sumidouro,RJ
Serrana do Rio de Janeiro,Trajano de Moraes,RJ
Sul do Rio de Janeiro,Areal,RJ
Sul do Rio de Janeiro,Barra do Piraí,RJ
Sul do Rio de Janeiro,Miguel Pereira,RJ
Sul do Rio de Janeiro,Vassouras,RJ
Sul do Rio de Janeiro,Paraíba do Sul,RJ
Sul do Rio de Janeiro,Sapucaia,RJ
Sul do Rio de Janeiro,Três Rios,RJ
Sul do Rio de Janeiro,Valença,RJ
Ceará,Abaiara,CE
Ceará,Aratuba,CE
Ceará,Ubajara,CE
Ceará,Viçosa do Ceará,CE
Ceará,Capistrano,CE
Ceará,Croatá,CE
Ceará,Guaraciaba do Norte,CE
Ceará,Ibiapina,CE
Ceará,Ipueiras,CE
Ceará,Itapipoca,CE
Ceará,Meruoca,CE
Ceará,Pacatuba,CE
Ceará,Porteiras,CE
Ceará,Reriutaba,CE
Ceará,Alcântaras,CE
Ceará,Tianguá,CE
Ceará,Uruburetama,CE
Ceará,Baturité,CE
Ceará,Carnaubal,CE
Ceará,Graça,CE
Ceará,Guaramiranga,CE
Ceará,Ipu,CE
Ceará,Itapajé,CE
Ceará,Massapê,CE
Ceará,Mulungu,CE
Ceará,Palmácia,CE
Ceará,Redenção,CE
Ceará,São Benedito,CE
Goiás,Ipameri,GO
Goiás,Catalão,GO
Goiás,Cabeceiras,GO
Goiás,Niquelândia,GO
Goiás,Planaltina,GO
Goiás,Montividiu,GO
Goiás,Gameleira de Goiás,GO
Goiás,Paraúna,GO
Goiás,Anicuns,GO
Goiás,Piracanjuba,GO
Goiás,Hidrolândia,GO
Goiás,Campo Alegre de Goiás,GO
Goiás,Água Fria de Goiás,GO
Goiás,Cristalina,GO
Goiás,São João d`Aliança,GO
Goiás,Rio Verde,GO
Goiás,Goiânia,GO
Goiás,Goianira,GO
Goiás,Mineiros,GO
Goiás,Trindade,GO
Goiás,Caiapônia,GO
Pernambuco,Taquaritinga do Norte,PE
Pernambuco,Paranatama,PE
Pernambuco,Saloá,PE
Pernambuco,Vertentes,PE
Pernambuco,Garanhuns,PE
Pernambuco,Bom Conselho,PE
Pernambuco,Correntes,PE
Pernambuco,São João,PE
Pernambuco,Moreilândia,PE
Pernambuco,Angelim,PE
Pernambuco,Brejão,PE
Pernambuco,São Joaquim do Monte,PE
Pernambuco,Triunfo,PE
Pernambuco,Exu,PE
Pernambuco,Gravatá,PE
Pernambuco,Terezinha,PE
Pernambuco,Panelas,PE
Pernambuco,Canhotinho,PE
Pernambuco,Caetés,PE
Pernambuco,Santa Cruz da Baixa Verde,PE
Planalto Central,Brasília,DF
Caparaó (Denominação de Origem),Dores do Rio Preto,ES
Caparaó (Denominação de Origem),São José do Calçado,ES
Caparaó (Denominação de Origem),Divino de São Lourenço,ES
Caparaó (Denominação de Origem),Guaçuí,ES
Caparaó (Denominação de Origem),Alegre,ES
Caparaó (Denominação de Origem),Alto Jequitibá,MG
Caparaó (Denominação de Origem),Alto Caparaó,MG
Caparaó (Denominação de Origem),Caparaó,MG
Caparaó (Denominação de Origem),Espera Feliz,MG
Caparaó (Denominação de Origem),Manhumirim,MG
Caparaó (Denominação de Origem),Martins Soares,MG
Caparaó (Denominação de Origem),Muniz Freire,ES
Caparaó (Denominação de Origem),Ibitirama,ES
Caparaó (Denominação de Origem),Iúna,ES
Caparaó (Denominação de Origem),Irupi,ES
Caparaó (Denominação de Origem),Ibatiba,ES
Acre,Acrelândia,AC
Acre,Brasiléia,AC
Acre,Manoel Urbano,AC
Acre,Senador Guiomard,AC
Acre,Feijó,AC
Acre,Plácido de Castro,AC
Acre,Rio Branco,AC
Acre,Assis Brasil,AC
Acre,Epitaciolândia,AC
Acre,Sena Madureira,AC
Acre,Porto Acre,AC
Acre,Capixaba,AC
Acre,Xapuri,AC
Mato Grosso,Alta Floresta,MT
Mato Grosso,Aripuanã,MT
Mato Grosso,Carlinda,MT
Mato Grosso,Castanheira,MT
Mato Grosso,Colniza,MT
Mato Grosso,Comodoro,MT
Mato Grosso,Cotriguaçu,MT
Mato Grosso,Juína,MT
Mato Grosso,Juruena,MT
Mato Grosso,Nova Bandeirantes,MT
Mato Grosso,Nova Lacerda,MT
Mato Grosso,Paranaíta,MT
Mato Grosso,Rondolândia,MT
Mato Grosso,Santo Antônio do Leverger,MT
Mato Grosso,Tangará da Serra,MT
Mato Grosso,Nova Monte verde,MT
